Workbook
Name Week0: HistoricalRank!$E$400:$G$531
Name Week3: HistoricalRank!$I$1:$K$132
Name Week1: HistoricalRank!$A$1:$C$132
Name Week12: HistoricalRank!$E$267:$G$398
Name Week7: HistoricalRank!$E$134:$G$265
Name Week13: HistoricalRank!$I$267:$K$398
Name standings: Standings!$A$1:$R$131
Name Week11: HistoricalRank!$A$267:$C$398
Name Week10: HistoricalRank!$Q$134:$S$265
Name confcors: Calculations!$E$2:$G$12
Name Week15: HistoricalRank!$Q$267:$S$398
Name Week8: HistoricalRank!$I$134:$K$265
Name Week6: HistoricalRank!$A$134:$C$265
Name Week9: HistoricalRank!$M$134:$O$265
Name Week5: HistoricalRank!$Q$1:$S$132
Name Week14: HistoricalRank!$M$267:$O$398
Name Week16: HistoricalRank!$A$400:$C$531
Name Week2: HistoricalRank!$E$1:$G$132
Name Week4: HistoricalRank!$M$1:$O$132

Sheet CurrentRank
B1: Week | C1: FINAL | D1: 2020 | G1: Current CCG Matchups
B2: Name | C2: Points | D2: Rk | F2: CORS | G2: AAC | H2: CS | I2: CORS | J2: MAC | K2: CS
A3: =IFERROR(VLOOKUP(B3,Standings!$A$2:$R$132,6,FALSE),0) -> SEC | B3: Alabama | C3: 96.59 | D3: 1 | F3: =IFERROR(VLOOKUP(G3,CurrentRank!$B$2:$C$132,2,FALSE),0) -> 72.9 | G3: =ConfStandings!A3 -> Cincinnati | H3: =(F4-F3)/2 -> -17.76 | I3: =IFERROR(VLOOKUP(J3,CurrentRank!$B$2:$C$132,2,FALSE),0) -> 51.75 | J3: =ConfStandings!A93 -> Buffalo | K3: =(I4-I3)/2 -> 4.47
A4: =IFERROR(VLOOKUP(B4,Standings!$A$2:$R$132,6,FALSE),0) -> B1G | B4: Ohio State | C4: 87.05 | D4: 2 | F4: =IFERROR(VLOOKUP(G4,CurrentRank!$B$2:$C$132,2,FALSE),0) -> 37.38 | G4: =ConfStandings!A11 -> Tulsa | H4: =(F3-F4)/2 -> 17.76 | I4: =IFERROR(VLOOKUP(J4,CurrentRank!$B$2:$C$132,2,FALSE),0) -> 60.69 | J4: =ConfStandings!A101 -> Ball State | K4: =(I3-I4)/2 -> -4.47
A5: =IFERROR(VLOOKUP(B5,Standings!$A$2:$R$132,6,FALSE),0) -> SEC | B5: Texas A&M | C5: 85.31 | D5: 3
A6: =IFERROR(VLOOKUP(B6,Standings!$A$2:$R$132,6,FALSE),0) -> ACC | B6: Clemson | C6: 84.24 | D6: 4 | G6: ACC | J6: MWC
A7: =IFERROR(VLOOKUP(B7,Standings!$A$2:$R$132,6,FALSE),0) -> BIG12 | B7: Oklahoma | C7: 81.57 | D7: 5 | F7: =IFERROR(VLOOKUP(G7,CurrentRank!$B$2:$C$132,2,FALSE),0) -> 84.24 | G7: =ConfStandings!J19 -> Clemson | H7: =(F8-F7)/2 -> -2.725 | I7: =IFERROR(VLOOKUP(J7,CurrentRank!$B$2:$C$132,2,FALSE),0) -> 38.02 | J7: =ConfStandings!A109 -> Boise State | K7: =(I8-I7)/2 -> 6.5
A8: =IFERROR(VLOOKUP(B8,Standings!$A$2:$R$132,6,FALSE),0) -> SEC | B8: Georgia | C8: 79.21 | D8: 6 | F8: =IFERROR(VLOOKUP(G8,CurrentRank!$B$2:$C$132,2,FALSE),0) -> 78.79 | G8: =ConfStandings!J20 -> Notre Dame | H8: =(F7-F8)/2 -> 2.725 | I8: =IFERROR(VLOOKUP(J8,CurrentRank!$B$2:$C$132,2,FALSE),0) -> 51.02 | J8: =ConfStandings!A117 -> San Jose State | K8: =(I7-I8)/2 -> -6.5
A9: =IFERROR(VLOOKUP(B9,Standings!$A$2:$R$132,6,FALSE),0) -> ACC | B9: Notre Dame | C9: 78.79 | D9: 7
A10: =IFERROR(VLOOKUP(B10,Standings!$A$2:$R$132,6,FALSE),0) -> BIG12 | B10: Iowa State | C10: 73.64 | D10: 8 | G10: B1G | J10: PAC12
A11: =IFERROR(VLOOKUP(B11,Standings!$A$2:$R$132,6,FALSE),0) -> AAC | B11: Cincinnati | C11: 72.9 | D11: 9 | F11: =IFERROR(VLOOKUP(G11,CurrentRank!$B$2:$C$132,2,FALSE),0) -> 87.05 | G11: =ConfStandings!A37 -> Ohio State | H11: =(F12-F11)/2 -> -7.41 | I11: =IFERROR(VLOOKUP(J11,CurrentRank!$B$2:$C$132,2,FALSE),0) -> 40.47 | J11: =ConfStandings!A125 -> Washington | K11: =(I12-I11)/2 -> 11.005
A12: =IFERROR(VLOOKUP(B12,Standings!$A$2:$R$132,6,FALSE),0) -> SUN | B12: UL-Lafayette | C12: 72.87 | D12: 10 | F12: =IFERROR(VLOOKUP(G12,CurrentRank!$B$2:$C$132,2,FALSE),0) -> 72.23 | G12: =ConfStandings!A46 -> Northwestern | H12: =(F11-F12)/2 -> 7.41 | I12: =IFERROR(VLOOKUP(J12,CurrentRank!$B$2:$C$132,2,FALSE),0) -> 62.48 | J12: =ConfStandings!A133 -> Southern Cal | K12: =(I11-I12)/2 -> -11.005
A13: =IFERROR(VLOOKUP(B13,Standings!$A$2:$R$132,6,FALSE),0) -> B1G | B13: Northwestern | C13: 72.23 | D13: 11
A14: =IFERROR(VLOOKUP(B14,Standings!$A$2:$R$132,6,FALSE),0) -> B1G | B14: Iowa | C14: 71.81 | D14: 12 | G14: BIG12 | J14: SEC
A15: =IFERROR(VLOOKUP(B15,Standings!$A$2:$R$132,6,FALSE),0) -> SUN | B15: Coastal Carolina | C15: 69.98 | D15: 13 | F15: =IFERROR(VLOOKUP(G15,CurrentRank!$B$2:$C$132,2,FALSE),0) -> 73.64 | G15: =ConfStandings!A55 -> Iowa State | H15: =(F16-F15)/2 -> 3.965 | I15: =IFERROR(VLOOKUP(J15,CurrentRank!$B$2:$C$132,2,FALSE),0) -> 79.21 | J15: =ConfStandings!A141 -> Georgia | K15: =(I16-I15)/2 -> 8.69
A16: =IFERROR(VLOOKUP(B16,Standings!$A$2:$R$132,6,FALSE),0) -> B1G | B16: Indiana | C16: 69.98 | D16: 13 | F16: =IFERROR(VLOOKUP(G16,CurrentRank!$B$2:$C$132,2,FALSE),0) -> 81.57 | G16: =ConfStandings!A56 -> Oklahoma | H16: =(F15-F16)/2 -> -3.965 | I16: =IFERROR(VLOOKUP(J16,CurrentRank!$B$2:$C$132,2,FALSE),0) -> 96.59 | J16: =ConfStandings!A150 -> Alabama | K16: =(I15-I16)/2 -> -8.69
A17: =IFERROR(VLOOKUP(B17,Standings!$A$2:$R$132,6,FALSE),0) -> IND | B17: BYU | C17: 69.33 | D17: 15
A18: =IFERROR(VLOOKUP(B18,Standings!$A$2:$R$132,6,FALSE),0) -> SEC | B18: Florida | C18: 68.03 | D18: 16 | G18: CUSA | J18: SUN
A19: =IFERROR(VLOOKUP(B19,Standings!$A$2:$R$132,6,FALSE),0) -> IND | B19: Liberty | C19: 65.58 | D19: 17 | F19: =IFERROR(VLOOKUP(G19,CurrentRank!$B$2:$C$132,2,FALSE),0) -> 33.45 | G19: =ConfStandings!A67 -> Marshall | H19: =(F20-F19)/2 -> -0.745 | I19: =IFERROR(VLOOKUP(J19,CurrentRank!$B$2:$C$132,2,FALSE),0) -> 69.98 | J19: =ConfStandings!A159 -> Coastal Carolina | K19: =(I20-I19)/2 -> 1.445
A20: =IFERROR(VLOOKUP(B20,Standings!$A$2:$R$132,6,FALSE),0) -> ACC | B20: North Carolina | C20: 63.1 | D20: 18 | F20: =IFERROR(VLOOKUP(G20,CurrentRank!$B$2:$C$132,2,FALSE),0) -> 31.96 | G20: =ConfStandings!A76 -> UAB | H20: =(F19-F20)/2 -> 0.745 | I20: =IFERROR(VLOOKUP(J20,CurrentRank!$B$2:$C$132,2,FALSE),0) -> 72.87 | J20: =ConfStandings!A166 -> UL-Lafayette | K20: =(I19-I20)/2 -> -1.445
A21: =IFERROR(VLOOKUP(B21,Standings!$A$2:$R$132,6,FALSE),0) -> PAC12 | B21: Southern Cal | C21: 62.48 | D21: 19
A22: =IFERROR(VLOOKUP(B22,Standings!$A$2:$R$132,6,FALSE),0) -> BIG12 | B22: Texas | C22: 62.29 | D22: 20 | G22: Current CORS W/L
A23: =IFERROR(VLOOKUP(B23,Standings!$A$2:$R$132,6,FALSE),0) -> MAC | B23: Ball State | C23: 60.69 | D23: 21 | G23: =CONCATENATE(M23, "-", O23) -> 394-164 | H23: =M23/(M23+O23) -> 0.70609319 | J23: Straight Up | L23: W | M23: =COUNTIF(WLSpread!AG2:AG1004, 1) -> 394 | N23: L | O23: =COUNTIF(WLSpread!AG2:AG1004, 0) -> 164
A24: =IFERROR(VLOOKUP(B24,Standings!$A$2:$R$132,6,FALSE),0) -> BIG12 | B24: Oklahoma State | C24: 59.34 | D24: 22
A25: =IFERROR(VLOOKUP(B25,Standings!$A$2:$R$132,6,FALSE),0) -> ACC | B25: Miami | C25: 57.15 | D25: 23 | G25: CORS Conference Ratings - CORS AVG
A26: =IFERROR(VLOOKUP(B26,Standings!$A$2:$R$132,6,FALSE),0) -> MAC | B26: Buffalo | C26: 51.75 | D26: 24 | G26: Conference | H26: CORS AVG | I26: RankAVG
A27: =IFERROR(VLOOKUP(B27,Standings!$A$2:$R$132,6,FALSE),0) -> MWC | B27: San Jose State | C27: 51.02 | D27: 25 | G27: =IFERROR(__xludf.DUMMYFUNCTION("QUERY(confcors,""SELECT E, F, G ORDER by F DESC"",0)"),"SEC") -> SEC | H27: =IFERROR(__xludf.DUMMYFUNCTION("""COMPUTED_VALUE"""),48.48285714285714) -> 48.482857 | I27: =IFERROR(__xludf.DUMMYFUNCTION("""COMPUTED_VALUE"""),48.5) -> 48.5
A28: =IFERROR(VLOOKUP(B28,Standings!$A$2:$R$132,6,FALSE),0) -> PAC12 | B28: Arizona State | C28: 44.06 | D28: 26 | G28: =IFERROR(__xludf.DUMMYFUNCTION("""COMPUTED_VALUE"""),"BIG12") -> BIG12 | H28: =IFERROR(__xludf.DUMMYFUNCTION("""COMPUTED_VALUE"""),47.63199999999999) -> 47.632 | I28: =IFERROR(__xludf.DUMMYFUNCTION("""COMPUTED_VALUE"""),50.9) -> 50.9
A29: =IFERROR(VLOOKUP(B29,Standings!$A$2:$R$132,6,FALSE),0) -> PAC12 | B29: Utah | C29: 43.66 | D29: 27 | G29: =IFERROR(__xludf.DUMMYFUNCTION("""COMPUTED_VALUE"""),"B1G") -> B1G | H29: =IFERROR(__xludf.DUMMYFUNCTION("""COMPUTED_VALUE"""),45.93142857142857) -> 45.931429 | I29: =IFERROR(__xludf.DUMMYFUNCTION("""COMPUTED_VALUE"""),57.0) -> 57
A30: =IFERROR(VLOOKUP(B30,Standings!$A$2:$R$132,6,FALSE),0) -> PAC12 | B30: Stanford | C30: 42.24 | D30: 28 | G30: =IFERROR(__xludf.DUMMYFUNCTION("""COMPUTED_VALUE"""),"IND") -> IND | H30: =IFERROR(__xludf.DUMMYFUNCTION("""COMPUTED_VALUE"""),45.653999999999996) -> 45.654 | I30: =IFERROR(__xludf.DUMMYFUNCTION("""COMPUTED_VALUE"""),67.0) -> 67
A31: =IFERROR(VLOOKUP(B31,Standings!$A$2:$R$132,6,FALSE),0) -> BIG12 | B31: TCU | C31: 41.9 | D31: 29 | G31: =IFERROR(__xludf.DUMMYFUNCTION("""COMPUTED_VALUE"""),"ACC") -> ACC | H31: =IFERROR(__xludf.DUMMYFUNCTION("""COMPUTED_VALUE"""),43.836) -> 43.836 | I31: =IFERROR(__xludf.DUMMYFUNCTION("""COMPUTED_VALUE"""),56.2) -> 56.2
A32: =IFERROR(VLOOKUP(B32,Standings!$A$2:$R$132,6,FALSE),0) -> AAC | B32: Central Florida | C32: 41.86 | D32: 30 | G32: =IFERROR(__xludf.DUMMYFUNCTION("""COMPUTED_VALUE"""),"PAC12") -> PAC12 | H32: =IFERROR(__xludf.DUMMYFUNCTION("""COMPUTED_VALUE"""),39.979166666666664) -> 39.979167 | I32: =IFERROR(__xludf.DUMMYFUNCTION("""COMPUTED_VALUE"""),48.0) -> 48
A33: =IFERROR(VLOOKUP(B33,Standings!$A$2:$R$132,6,FALSE),0) -> PAC12 | B33: UCLA | C33: 41.14 | D33: 31 | G33: =IFERROR(__xludf.DUMMYFUNCTION("""COMPUTED_VALUE"""),"SUN") -> SUN | H33: =IFERROR(__xludf.DUMMYFUNCTION("""COMPUTED_VALUE"""),39.688) -> 39.688 | I33: =IFERROR(__xludf.DUMMYFUNCTION("""COMPUTED_VALUE"""),75.7) -> 75.7
A34: =IFERROR(VLOOKUP(B34,Standings!$A$2:$R$132,6,FALSE),0) -> B1G | B34: Wisconsin | C34: 41.11 | D34: 32 | G34: =IFERROR(__xludf.DUMMYFUNCTION("""COMPUTED_VALUE"""),"MAC") -> MAC | H34: =IFERROR(__xludf.DUMMYFUNCTION("""COMPUTED_VALUE"""),37.385) -> 37.385 | I34: =IFERROR(__xludf.DUMMYFUNCTION("""COMPUTED_VALUE"""),68.5) -> 68.5
A35: =IFERROR(VLOOKUP(B35,Standings!$A$2:$R$132,6,FALSE),0) -> PAC12 | B35: Washington | C35: 40.47 | D35: 33 | G35: =IFERROR(__xludf.DUMMYFUNCTION("""COMPUTED_VALUE"""),"MWC") -> MWC | H35: =IFERROR(__xludf.DUMMYFUNCTION("""COMPUTED_VALUE"""),35.63250000000001) -> 35.6325 | I35: =IFERROR(__xludf.DUMMYFUNCTION("""COMPUTED_VALUE"""),68.16666666666667) -> 68.166667
A36: =IFERROR(VLOOKUP(B36,Standings!$A$2:$R$132,6,FALSE),0) -> B1G | B36: Penn State | C36: 40.05 | D36: 34 | G36: =IFERROR(__xludf.DUMMYFUNCTION("""COMPUTED_VALUE"""),"AAC") -> AAC | H36: =IFERROR(__xludf.DUMMYFUNCTION("""COMPUTED_VALUE"""),35.51416666666667) -> 35.514167 | I36: =IFERROR(__xludf.DUMMYFUNCTION("""COMPUTED_VALUE"""),76.5) -> 76.5
A37: =IFERROR(VLOOKUP(B37,Standings!$A$2:$R$132,6,FALSE),0) -> SEC | B37: Mississippi | C37: 39.96 | D37: 35 | G37: =IFERROR(__xludf.DUMMYFUNCTION("""COMPUTED_VALUE"""),"CUSA") -> CUSA | H37: =IFERROR(__xludf.DUMMYFUNCTION("""COMPUTED_VALUE"""),28.65571428571428) -> 28.655714 | I37: =IFERROR(__xludf.DUMMYFUNCTION("""COMPUTED_VALUE"""),103.85714285714286) -> 103.85714
A38: =IFERROR(VLOOKUP(B38,Standings!$A$2:$R$132,6,FALSE),0) -> SEC | B38: Auburn | C38: 39.11 | D38: 36
A39: =IFERROR(VLOOKUP(B39,Standings!$A$2:$R$132,6,FALSE),0) -> BIG12 | B39: West Virginia | C39: 38.08 | D39: 37 | G39: CORS Conference Ratings - RANK AVG
A40: =IFERROR(VLOOKUP(B40,Standings!$A$2:$R$132,6,FALSE),0) -> MWC | B40: Boise State | C40: 38.02 | D40: 38 | G40: Conference | H40: CORS AVG | I40: RankAVG
A41: =IFERROR(VLOOKUP(B41,Standings!$A$2:$R$132,6,FALSE),0) -> MAC | B41: Miami (OH) | C41: 37.85 | D41: 39 | G41: =IFERROR(__xludf.DUMMYFUNCTION("QUERY(confcors,""SELECT E, F, G ORDER by G ASC"",0)"),"PAC12") -> PAC12 | H41: =IFERROR(__xludf.DUMMYFUNCTION("""COMPUTED_VALUE"""),39.979166666666664) -> 39.979167 | I41: =IFERROR(__xludf.DUMMYFUNCTION("""COMPUTED_VALUE"""),48.0) -> 48
A42: =IFERROR(VLOOKUP(B42,Standings!$A$2:$R$132,6,FALSE),0) -> ACC | B42: North Carolina State | C42: 37.82 | D42: 40 | G42: =IFERROR(__xludf.DUMMYFUNCTION("""COMPUTED_VALUE"""),"SEC") -> SEC | H42: =IFERROR(__xludf.DUMMYFUNCTION("""COMPUTED_VALUE"""),48.48285714285714) -> 48.482857 | I42: =IFERROR(__xludf.DUMMYFUNCTION("""COMPUTED_VALUE"""),48.5) -> 48.5
A43: =IFERROR(VLOOKUP(B43,Standings!$A$2:$R$132,6,FALSE),0) -> MWC | B43: Nevada | C43: 37.5 | D43: 41 | G43: =IFERROR(__xludf.DUMMYFUNCTION("""COMPUTED_VALUE"""),"BIG12") -> BIG12 | H43: =IFERROR(__xludf.DUMMYFUNCTION("""COMPUTED_VALUE"""),47.63199999999999) -> 47.632 | I43: =IFERROR(__xludf.DUMMYFUNCTION("""COMPUTED_VALUE"""),50.9) -> 50.9
A44: =IFERROR(VLOOKUP(B44,Standings!$A$2:$R$132,6,FALSE),0) -> SUN | B44: Appalachian State | C44: 37.44 | D44: 42 | G44: =IFERROR(__xludf.DUMMYFUNCTION("""COMPUTED_VALUE"""),"ACC") -> ACC | H44: =IFERROR(__xludf.DUMMYFUNCTION("""COMPUTED_VALUE"""),43.836) -> 43.836 | I44: =IFERROR(__xludf.DUMMYFUNCTION("""COMPUTED_VALUE"""),56.2) -> 56.2
A45: =IFERROR(VLOOKUP(B45,Standings!$A$2:$R$132,6,FALSE),0) -> AAC | B45: Tulsa | C45: 37.38 | D45: 43 | G45: =IFERROR(__xludf.DUMMYFUNCTION("""COMPUTED_VALUE"""),"B1G") -> B1G | H45: =IFERROR(__xludf.DUMMYFUNCTION("""COMPUTED_VALUE"""),45.93142857142857) -> 45.931429 | I45: =IFERROR(__xludf.DUMMYFUNCTION("""COMPUTED_VALUE"""),57.0) -> 57
A46: =IFERROR(VLOOKUP(B46,Standings!$A$2:$R$132,6,FALSE),0) -> PAC12 | B46: Oregon | C46: 37.34 | D46: 44 | G46: =IFERROR(__xludf.DUMMYFUNCTION("""COMPUTED_VALUE"""),"IND") -> IND | H46: =IFERROR(__xludf.DUMMYFUNCTION("""COMPUTED_VALUE"""),45.653999999999996) -> 45.654 | I46: =IFERROR(__xludf.DUMMYFUNCTION("""COMPUTED_VALUE"""),67.0) -> 67
A47: =IFERROR(VLOOKUP(B47,Standings!$A$2:$R$132,6,FALSE),0) -> SEC | B47: LSU | C47: 37.27 | D47: 45 | G47: =IFERROR(__xludf.DUMMYFUNCTION("""COMPUTED_VALUE"""),"MWC") -> MWC | H47: =IFERROR(__xludf.DUMMYFUNCTION("""COMPUTED_VALUE"""),35.63250000000001) -> 35.6325 | I47: =IFERROR(__xludf.DUMMYFUNCTION("""COMPUTED_VALUE"""),68.16666666666667) -> 68.166667
A48: =IFERROR(VLOOKUP(B48,Standings!$A$2:$R$132,6,FALSE),0) -> ACC | B48: Virginia | C48: 36.98 | D48: 46 | G48: =IFERROR(__xludf.DUMMYFUNCTION("""COMPUTED_VALUE"""),"MAC") -> MAC | H48: =IFERROR(__xludf.DUMMYFUNCTION("""COMPUTED_VALUE"""),37.385) -> 37.385 | I48: =IFERROR(__xludf.DUMMYFUNCTION("""COMPUTED_VALUE"""),68.5) -> 68.5
A49: =IFERROR(VLOOKUP(B49,Standings!$A$2:$R$132,6,FALSE),0) -> SEC | B49: Kentucky | C49: 36.94 | D49: 47 | G49: =IFERROR(__xludf.DUMMYFUNCTION("""COMPUTED_VALUE"""),"SUN") -> SUN | H49: =IFERROR(__xludf.DUMMYFUNCTION("""COMPUTED_VALUE"""),39.688) -> 39.688 | I49: =IFERROR(__xludf.DUMMYFUNCTION("""COMPUTED_VALUE"""),75.7) -> 75.7
A50: =IFERROR(VLOOKUP(B50,Standings!$A$2:$R$132,6,FALSE),0) -> ACC | B50: Louisville | C50: 36.87 | D50: 48 | G50: =IFERROR(__xludf.DUMMYFUNCTION("""COMPUTED_VALUE"""),"AAC") -> AAC | H50: =IFERROR(__xludf.DUMMYFUNCTION("""COMPUTED_VALUE"""),35.51416666666667) -> 35.514167 | I50: =IFERROR(__xludf.DUMMYFUNCTION("""COMPUTED_VALUE"""),76.5) -> 76.5
A51: =IFERROR(VLOOKUP(B51,Standings!$A$2:$R$132,6,FALSE),0) -> MAC | B51: Toledo | C51: 36.79 | D51: 49 | G51: =IFERROR(__xludf.DUMMYFUNCTION("""COMPUTED_VALUE"""),"CUSA") -> CUSA | H51: =IFERROR(__xludf.DUMMYFUNCTION("""COMPUTED_VALUE"""),28.65571428571428) -> 28.655714 | I51: =IFERROR(__xludf.DUMMYFUNCTION("""COMPUTED_VALUE"""),103.85714285714286) -> 103.85714
A52: =IFERROR(VLOOKUP(B52,Standings!$A$2:$R$132,6,FALSE),0) -> ACC | B52: Boston College | C52: 36.62 | D52: 50
A53: =IFERROR(VLOOKUP(B53,Standings!$A$2:$R$132,6,FALSE),0) -> SEC | B53: Missouri | C53: 36.59 | D53: 51
A54: =IFERROR(VLOOKUP(B54,Standings!$A$2:$R$132,6,FALSE),0) -> ACC | B54: Wake Forest | C54: 36.48 | D54: 52
A55: =IFERROR(VLOOKUP(B55,Standings!$A$2:$R$132,6,FALSE),0) -> PAC12 | B55: California | C55: 36.35 | D55: 53
A56: =IFERROR(VLOOKUP(B56,Standings!$A$2:$R$132,6,FALSE),0) -> ACC | B56: Virginia Tech | C56: 36.12 | D56: 54
A57: =IFERROR(VLOOKUP(B57,Standings!$A$2:$R$132,6,FALSE),0) -> PAC12 | B57: Colorado | C57: 35.77 | D57: 55
A58: =IFERROR(VLOOKUP(B58,Standings!$A$2:$R$132,6,FALSE),0) -> ACC | B58: Pittsburgh | C58: 35.74 | D58: 56
A59: =IFERROR(VLOOKUP(B59,Standings!$A$2:$R$132,6,FALSE),0) -> MWC | B59: Air Force | C59: 35.54 | D59: 57
A60: =IFERROR(VLOOKUP(B60,Standings!$A$2:$R$132,6,FALSE),0) -> MWC | B60: Fresno State | C60: 35.51 | D60: 58
A61: =IFERROR(VLOOKUP(B61,Standings!$A$2:$R$132,6,FALSE),0) -> B1G | B61: Nebraska | C61: 35.51 | D61: 58
A62: =IFERROR(VLOOKUP(B62,Standings!$A$2:$R$132,6,FALSE),0) -> B1G | B62: Minnesota | C62: 35.39 | D62: 60
A63: =IFERROR(VLOOKUP(B63,Standings!$A$2:$R$132,6,FALSE),0) -> AAC | B63: Memphis | C63: 35.34 | D63: 61
... A132: =IFERROR(VLOOKUP(B132,Standings!$A$2:$R$132,6,FALSE),0) -> CUSA | B132: UTEP | C132: 11.84 | D132: 130

Sheet HistoricalRank
A1: Week | B1: 1 | C1: 2020 | E1: Week | F1: 2 | G1: 2020 | I1: Week | J1: 3 | K1: 2020 | M1: Week | N1: 4 | O1: 2020 | Q1: Week | R1: 5 | S1: 2020
A2: Name | B2: Points | C2: Rk | E2: Name | F2: Points | G2: Rk | I2: Name | J2: Points | K2: Rk | M2: Name | N2: Points | O2: Rk | Q2: Name | R2: Points | S2: Rk
A3: Clemson | B3: 45.8 | C3: 1 | E3: Clemson | F3: 85.78 | G3: 1 | I3: Clemson | J3: 91.33 | K3: 1 | M3: Clemson | N3: 88.54 | O3: 1 | Q3: Alabama | R3: 91.15 | S3: 1
A4: Ohio State | B4: 45.32 | C4: 2 | E4: Notre Dame | F4: 75.57 | G4: 2 | I4: Notre Dame | J4: 81.45 | K4: 2 | M4: Alabama | N4: 83.91 | O4: 2 | Q4: Georgia | R4: 90.69 | S4: 2
A5: Alabama | B5: 44.18 | C5: 3 | E5: North Carolina | F5: 73.99 | G5: 3 | I5: Miami | J5: 80.21 | K5: 3 | M5: Miami | N5: 83.87 | O5: 3 | Q5: Clemson | R5: 89.43 | S5: 3
A6: Georgia | B6: 41.94 | C6: 4 | E6: Texas | F6: 68.26 | G6: 4 | I6: Central Florida | J6: 78.85 | K6: 4 | M6: Georgia | N6: 82.44 | O6: 4 | Q6: Florida | R6: 85.72 | S6: 4
A7: Oklahoma | B7: 41.52 | C7: 5 | E7: Oklahoma | F7: 67.55 | G7: 5 | I7: North Carolina | J7: 76.93 | K7: 5 | M7: Florida | N7: 80.89 | O7: 5 | Q7: Miami | R7: 85.49 | S7: 5
A8: LSU | B8: 41.03 | C8: 6 | E8: Alabama | F8: 65.08 | G8: 6 | I8: Texas | J8: 72.16 | K8: 6 | M8: Notre Dame | N8: 80.79 | O8: 6 | Q8: Oklahoma State | R8: 80.53 | S8: 6
A9: Penn State | B9: 39.65 | C9: 7 | E9: UL-Lafayette | F9: 64.7 | G9: 7 | I9: Oklahoma | J9: 71.06 | K9: 7 | M9: Texas | N9: 78.34 | O9: 7 | Q9: Notre Dame | R9: 80.23 | S9: 7
A10: Florida | B10: 39.2 | C10: 8 | E10: Memphis | F10: 64.52 | G10: 8 | I10: Alabama | J10: 68.86 | K10: 8 | M10: Central Florida | N10: 77.93 | O10: 8 | Q10: North Carolina | R10: 79.29 | S10: 8
A11: Oregon | B11: 38.94 | C11: 9 | E11: Georgia | F11: 63.47 | G11: 9 | I11: UL-Lafayette | J11: 67.68 | K11: 9 | M11: Auburn | N11: 77.21 | O11: 9 | Q11: Tennessee | R11: 73.45 | S11: 9
A12: Notre Dame | B12: 36.88 | C12: 10 | E12: LSU | F12: 61.75 | G12: 10 | I12: Georgia | J12: 66.76 | K12: 10 | M12: North Carolina | N12: 75.92 | O12: 10 | Q12: Cincinnati | R12: 71.88 | S12: 10
A13: Auburn | B13: 34.95 | C13: 11 | E13: Florida | F13: 61.6 | G13: 11 | I13: Memphis | J13: 66.39 | K13: 11 | M13: Cincinnati | N13: 69.04 | O13: 11 | Q13: BYU | R13: 71.53 | S13: 11
A14: Wisconsin | B14: 34.65 | C14: 12 | E14: Miami | F14: 58.98 | G14: 12 | I14: BYU | J14: 66.13 | K14: 12 | M14: Oklahoma State | N14: 67.72 | O14: 12 | Q14: UL-Lafayette | R14: 70.26 | S14: 12
... A134: Week | B134: 6 | C134: 2020 | E134: Week | F134: 7 | G134: 2020 | I134: Week | J134: 8 | K134: 2020 | M134: Week | N134: 9 | O134: 2020 | Q134: Week | R134: 10 | S134: 2020
A135: Name | B135: Points | C135: Rk | E135: Name | F135: Points | G135: Rk | I135: Name | J135: Points | K135: Rk | M135: Name | N135: Points | O135: Rk | Q135: Name | R135: Points | S135: Rk
A136: Clemson | B136: 93.16 | C136: 1 | E136: Clemson | F136: 95.81 | G136: 1 | I136: Clemson | J136: 94.65 | K136: 1 | M136: Clemson | N136: 94.26 | O136: 1 | Q136: Alabama | R136: 93.82 | S136: 1
A137: Alabama | B137: 92.3 | C137: 2 | E137: Alabama | F137: 93.43 | G137: 2 | I137: Alabama | J137: 92.87 | K137: 2 | M137: Alabama | N137: 93.88 | O137: 2 | Q137: Notre Dame | R137: 89.06 | S137: 2
A138: Georgia | B138: 92.11 | C138: 3 | E138: Oklahoma State | F138: 84.95 | G138: 3 | I138: Notre Dame | J138: 86.13 | K138: 3 | M138: Notre Dame | N138: 86.91 | O138: 3 | Q138: Ohio State | R138: 87.41 | S138: 3
A139: North Carolina | B139: 84.52 | C139: 4 | E139: Notre Dame | F139: 83.7 | G139: 4 | I139: Ohio State | J139: 83.94 | K139: 4 | M139: Ohio State | N139: 86.13 | O139: 4 | Q139: Clemson | R139: 83.7 | S139: 4
A140: Oklahoma State | B140: 83.55 | C140: 5 | E140: Georgia | F140: 82.53 | G140: 5 | I140: Oklahoma State | J140: 83.92 | K140: 5 | M140: Georgia | N140: 83.04 | O140: 5 | Q140: Cincinnati | R140: 80.98 | S140: 5
A141: Notre Dame | B141: 83.02 | C141: 6 | E141: BYU | F141: 77.19 | G141: 6 | I141: Georgia | J141: 81.26 | K141: 6 | M141: Cincinnati | N141: 80.87 | O141: 6 | Q141: Texas A&M | R141: 80.61 | S141: 6
A142: BYU | B142: 73.86 | C142: 7 | E142: Texas A&M | F142: 75.32 | G142: 7 | I142: Cincinnati | J142: 78.48 | K142: 7 | M142: Wisconsin | N142: 78.92 | O142: 7 | Q142: BYU | R142: 79.34 | S142: 7
A143: Cincinnati | B143: 73.07 | C143: 8 | E143: Cincinnati | F143: 74.26 | G143: 8 | I143: Wisconsin | J143: 76.88 | K143: 8 | M143: BYU | N143: 77.89 | O143: 8 | Q143: Florida | R143: 79.04 | S143: 8
A144: UL-Lafayette | B144: 72.23 | C144: 9 | E144: Miami | F144: 74.07 | G144: 9 | I144: BYU | J144: 76.58 | K144: 9 | M144: Texas A&M | N144: 77.48 | O144: 9 | Q144: Indiana | R144: 76.68 | S144: 9
A145: Florida | B145: 70.7 | C145: 10 | E145: Florida | F145: 72.77 | G145: 10 | I145: Texas A&M | J145: 74.99 | K145: 10 | M145: Florida | N145: 75.4 | O145: 10 | Q145: Wisconsin | R145: 75.78 | S145: 10
A146: Miami | B146: 70.01 | C146: 11 | E146: Southern Methodist | F146: 71.45 | G146: 11 | I146: Michigan | J146: 73.56 | K146: 11 | M146: Miami | N146: 74.23 | O146: 11 | Q146: Miami | R146: 75.25 | S146: 11
A147: Texas A&M | B147: 68.39 | C147: 12 | E147: Coastal Carolina | F147: 68.02 | G147: 12 | I147: Miami | J147: 73.25 | K147: 12 | M147: Coastal Carolina | N147: 73.88 | O147: 12 | Q147: Coastal Carolina | R147: 74.54 | S147: 12
... A267: Week | B267: 11 | C267: 2020 | E267: Week | F267: 12 | G267: 2020 | I267: Week | J267: 13 | K267: 2020 | M267: Week | N267: 14 | O267: 2020 | Q267: Week | R267: 15 | S267: 2020
A268: Name | B268: Points | C268: Rk | E268: Name | F268: Points | G268: Rk | I268: Name | J268: Points | K268: Rk | M268: Name | N268: Points | O268: Rk | Q268: Name | R268: Points | S268: Rk
A269: Alabama | B269: 93.72 | C269: 1 | E269: Alabama | F269: 94.37 | G269: 1 | I269: Alabama | J269: 95.16 | K269: 1 | M269: Alabama | N269: 95.75 | O269: 1 | Q269: Alabama | R269: 96.09 | S269: 1
A270: Notre Dame | B270: 89.8 | C270: 2 | E270: Notre Dame | F270: 89.43 | G270: 2 | I270: Notre Dame | J270: 90.44 | K270: 2 | M270: Notre Dame | N270: 90.95 | O270: 2 | Q270: Notre Dame | R270: 90.63 | S270: 2
A271: Ohio State | B271: 87.06 | C271: 3 | E271: Ohio State | F271: 87.18 | G271: 3 | I271: Ohio State | J271: 87.09 | K271: 3 | M271: Ohio State | N271: 88.77 | O271: 3 | Q271: Ohio State | R271: 88.48 | S271: 3
A272: Clemson | B272: 83.64 | C272: 4 | E272: Clemson | F272: 83.65 | G272: 4 | I272: Clemson | J272: 85.28 | K272: 4 | M272: Clemson | N272: 86.81 | O272: 4 | Q272: Clemson | R272: 86.71 | S272: 4
A273: Texas A&M | B273: 80.43 | C273: 5 | E273: Florida | F273: 80.67 | G273: 5 | I273: Florida | J273: 81.53 | K273: 5 | M273: Florida | N273: 83.15 | O273: 5 | Q273: Coastal Carolina | R273: 82.38 | S273: 5
A274: Wisconsin | B274: 80.06 | C274: 6 | E274: Texas A&M | F274: 80.19 | G274: 6 | I274: Texas A&M | J274: 81.12 | K274: 6 | M274: Texas A&M | N274: 82.37 | O274: 6 | Q274: Texas A&M | R274: 82.37 | S274: 6
A275: Florida | B275: 80 | C275: 7 | E275: Cincinnati | F275: 80.16 | G275: 7 | I275: Cincinnati | J275: 80.39 | K275: 7 | M275: Coastal Carolina | N275: 81.29 | O275: 7 | Q275: Cincinnati | R275: 80.82 | S275: 7
A276: Cincinnati | B276: 79.64 | C276: 8 | E276: BYU | F276: 79.39 | G276: 8 | I276: BYU | J276: 79.2 | K276: 8 | M276: Cincinnati | N276: 80.36 | O276: 8 | Q276: Indiana | R276: 79.06 | S276: 8
A277: BYU | B277: 79.2 | C277: 9 | E277: Northwestern | F277: 77.76 | G277: 9 | I277: Coastal Carolina | J277: 77.29 | K277: 9 | M277: Miami | N277: 79.1 | O277: 9 | Q277: Iowa State | R277: 78.13 | S277: 9
A278: Indiana | B278: 78.4 | C278: 10 | E278: Oregon | F278: 77.16 | G278: 10 | I278: Miami | J278: 75.99 | K278: 10 | M278: Indiana | N278: 78.18 | O278: 10 | Q278: Georgia | R278: 75.51 | S278: 10
A279: Oregon | B279: 77.63 | C279: 11 | E279: Miami | F279: 75.37 | G279: 11 | I279: Indiana | J279: 75.61 | K279: 11 | M279: Iowa State | N279: 76.35 | O279: 11 | Q279: Southern Cal | R279: 75.05 | S279: 11
A280: Miami | B280: 75.32 | C280: 12 | E280: Coastal Carolina | F280: 75.18 | G280: 12 | I280: Iowa State | J280: 73.07 | K280: 12 | M280: Georgia | N280: 73.47 | O280: 12 | Q280: Oklahoma | R280: 74.51 | S280: 12
... A398: UTEP | B398: 11.65 | C398: 130 | E398: UTEP | F398: 11.59 | G398: 130 | I398: South Florida | J398: 12.06 | K398: 130 | M398: UTEP | N398: 13.82 | O398: 130 | Q398: UTEP | R398: 11.81 | S398: 130
A400: Week | B400: 16 | C400: 2020 | E400: Week | F400: 0 | G400: 2020
A401: Name | B401: Points | C401: Rk | E401: Name | F401: Points | G401: Rk
A402: Alabama | B402: 96.44 | C402: 1 | E402: Clemson | F402: 39.13 | G402: 1
A403: Ohio State | B403: 89.67 | C403: 2 | E403: Ohio State | F403: 38.65 | G403: 2
A404: Clemson | B404: 89.42 | C404: 3 | E404: Alabama | F404: 37.52 | G404: 3
A405: Texas A&M | B405: 83.93 | C405: 4 | E405: Georgia | F405: 35.27 | G405: 4
A406: Coastal Carolina | B406: 83.31 | C406: 5 | E406: Oklahoma | F406: 34.85 | G406: 5
A407: Cincinnati | B407: 82.18 | C407: 6 | E407: LSU | F407: 34.36 | G407: 6
A408: Notre Dame | B408: 80.52 | C408: 7 | E408: Penn State | F408: 32.99 | G408: 7
A409: Indiana | B409: 79.2 | C409: 8 | E409: Florida | F409: 32.54 | G409: 8
A410: Oklahoma | B410: 78.39 | C410: 9 | E410: Oregon | F410: 32.28 | G410: 9
A411: Georgia | B411: 75.64 | C411: 10 | E411: Notre Dame | F411: 30.22 | G411: 10
A412: Florida | B412: 72.89 | C412: 11 | E412: Auburn | F412: 28.28 | G412: 11
A413: UL-Lafayette | B413: 72.04 | C413: 12 | E413: Wisconsin | F413: 27.98 | G413: 12
... A531: UTEP | B531: 11.91 | C531: 130 | E531: Louisville | F531: 0 | G531: 27

Sheet WLSpread
A1: Week | B1: Away | C1: Home | D1: Away CORS | E1: ACORS Now | F1: Away Rank | G1: AR Now | H1: Home CORS | I1: HCORS Now | J1: Home Rank | K1: HR Now | L1: HFA Then | M1: HFA Now | N1: Rank Value | O1: GS | P1: RS | Q1: BEV | S1: AEV | U1: Neutral | V1: Matchup | W1: Underdog | X1: Favorite | Y1: Conf | Z1: Winner | AA1: Score | AB1: Loser | AC1: Score | AD1: OT | AE1: SD | AF1: Notes | AG1: W/L SU | AH1: W/L ATS | AJ1: Abilene Christian
A2: 2 | B2: Clemson | C2: Wake Forest | D2: =IFERROR(VLOOKUP(B2,Week1,2,FALSE),0) -> 45.8 | E2: =IF(ISBLANK(B2),,IFERROR(VLOOKUP(B2,CurrentRank!$B$2:$C$132,2,FALSE),0)) -> 84.24 | F2: =IFERROR(VLOOKUP(B2,Week1,3,FALSE),130) -> 1 | G2: =IF(ISBLANK(B2),,IFERROR(VLOOKUP(B2,CurrentRank!$B$2:$D$132,3,FALSE),130)) -> 4 | H2: =IFERROR(VLOOKUP(C2,Week1,2,FALSE),0) -> 6.67 | I2: =IF(ISBLANK(B2),,IFERROR(VLOOKUP(C2,CurrentRank!$B$2:$C$132,2,FALSE),0)) -> 36.48 | J2: =IFERROR(VLOOKUP(C2,Week1,3,FALSE),130) -> 35 | K2: =IF(ISBLANK(C2),,IFERROR(VLOOKUP(C2,CurrentRank!$B$2:$D$132,3,FALSE),130)) -> 52 | L2: =IF(U2= "Yes", 0, IF(ISBLANK(C2),,(D2+H2)*0.015)) -> 0.78705 | M2: =IF(U2= "Yes", 0, IF(ISBLANK(D2),,(E2+I2)*0.015)) -> 1.8108 | N2: =IF(ISBLANK(C2),,(F2+J2)/2) -> 18 | O2: =IF(H2=0,,(D2-(H2+L2))/2) -> 19.171475 | P2: =IF(ISBLANK(C2),,(E2-(I2+L2))/2) -> 23.486475 | Q2: =IF(ISBLANK(O2),,1-((ABS(O2/2)+N2/2)/100)) -> 0.81414263 | R2: =IF(ISBLANK(Q2),,IF(Q2>=0.975,"A+",IF(Q2>=0.925,"A",IF(Q2>=0.895,"A-",IF(Q2>=0.865,"B+",IF(Q2>=0.825,"B",IF(Q2>=0.795,"B-",IF(Q2>=0.765,"C+",IF(Q2>=0.725,"C",IF(Q2>=0.695,"C-",IF(Q2>=0.665,"D+",IF(Q2>=0.625,"D",IF(Q2>=0.595,"D-",IF(Q2<0.6,"F")))))))))))))) -> B- | S2: =IF(IF(H2=0,,IF(ISBLANK(AC2),,1-(((AE2/2+N2/2)-(AD2*2))/100)))>1, 1, IF(H2=0,,IF(ISBLANK(AC2),,1-(((AE2/2+N2/2)-(AD2*2))/100)))) -> 0.79 | T2: =IF(ISBLANK(S2),,IF(S2>=0.975,"A+",IF(S2>=0.925,"A",IF(S2>=0.895,"A-",IF(S2>=0.865,"B+",IF(S2>=0.825,"B",IF(S2>=0.795,"B-",IF(S2>=0.765,"C+",IF(S2>=0.725,"C",IF(S2>=0.695,"C-",IF(S2>=0.665,"D+",IF(S2>=0.625,"D",IF(S2>=0.595,"D-",IF(S2<0.6,"F")))))))))))))) -> C+ | U2: No | V2: =IF(ISBLANK(C2),,IFERROR(IF(VLOOKUP(B2,Standings!$A:$F, 6, 0)=VLOOKUP(C2,Standings!$A:$F, 6, 0), VLOOKUP(B2,Standings!$A:$F, 6, 0), "Non-con"), "FCS")) -> ACC | W2: =IF(ISBLANK(O2),,IF(O2>0,C2,B2)) -> Wake Forest | X2: =IF(ISBLANK(O2),,IF(O2<0,C2,B2)) -> Clemson | Y2: =IF(D2=0,,IF(ISBLANK(Q2),,VLOOKUP(X2,Week1,2,FALSE)/(VLOOKUP(X2,Week1,2,FALSE)+VLOOKUP(W2,Week1,2,FALSE))+0.05)*100) -> 92.287974 | Z2: Clemson | AA2: 37 | AB2: =IF(Z2<>"",(IF(Z2=B2, C2, B2)),"") -> Wake Forest | AC2: 13 | AE2: =IF(ISBLANK(AC2),,AA2-AC2) -> 24 | AG2: =IF(ISBLANK(S2),,If(X2=Z2, 1, 0)) -> 1
A3: 2 | B3: Duke | C3: Notre Dame | D3: =IFERROR(VLOOKUP(B3,Week1,2,FALSE),0) -> 6.67 | E3: =IF(ISBLANK(B3),,IFERROR(VLOOKUP(B3,CurrentRank!$B$2:$C$132,2,FALSE),0)) -> 28.66 | F3: =IFERROR(VLOOKUP(B3,Week1,3,FALSE),130) -> 35 | G3: =IF(ISBLANK(B3),,IFERROR(VLOOKUP(B3,CurrentRank!$B$2:$D$132,3,FALSE),130)) -> 120 | H3: =IFERROR(VLOOKUP(C3,Week1,2,FALSE),0) -> 36.88 | I3: =IF(ISBLANK(B3),,IFERROR(VLOOKUP(C3,CurrentRank!$B$2:$C$132,2,FALSE),0)) -> 78.79 | J3: =IFERROR(VLOOKUP(C3,Week1,3,FALSE),130) -> 10 | K3: =IF(ISBLANK(C3),,IFERROR(VLOOKUP(C3,CurrentRank!$B$2:$D$132,3,FALSE),130)) -> 7 | L3: =IF(U3= "Yes", 0, IF(ISBLANK(C3),,(D3+H3)*0.015)) -> 0.65325 | M3: =IF(U3= "Yes", 0, IF(ISBLANK(D3),,(E3+I3)*0.015)) -> 1.61175 | N3: =IF(ISBLANK(C3),,(F3+J3)/2) -> 22.5 | O3: =IF(H3=0,,(D3-(H3+L3))/2) -> -15.431625 | P3: =IF(ISBLANK(C3),,(E3-(I3+L3))/2) -> -25.391625 | Q3: =IF(ISBLANK(O3),,1-((ABS(O3/2)+N3/2)/100)) -> 0.81034187 | R3: =IF(ISBLANK(Q3),,IF(Q3>=0.975,"A+",IF(Q3>=0.925,"A",IF(Q3>=0.895,"A-",IF(Q3>=0.865,"B+",IF(Q3>=0.825,"B",IF(Q3>=0.795,"B-",IF(Q3>=0.765,"C+",IF(Q3>=0.725,"C",IF(Q3>=0.695,"C-",IF(Q3>=0.665,"D+",IF(Q3>=0.625,"D",IF(Q3>=0.595,"D-",IF(Q3<0.6,"F")))))))))))))) -> B- | S3: =IF(IF(H3=0,,IF(ISBLANK(AC3),,1-(((AE3/2+N3/2)-(AD3*2))/100)))>1, 1, IF(H3=0,,IF(ISBLANK(AC3),,1-(((AE3/2+N3/2)-(AD3*2))/100)))) -> 0.8175 | T3: =IF(ISBLANK(S3),,IF(S3>=0.975,"A+",IF(S3>=0.925,"A",IF(S3>=0.895,"A-",IF(S3>=0.865,"B+",IF(S3>=0.825,"B",IF(S3>=0.795,"B-",IF(S3>=0.765,"C+",IF(S3>=0.725,"C",IF(S3>=0.695,"C-",IF(S3>=0.665,"D+",IF(S3>=0.625,"D",IF(S3>=0.595,"D-",IF(S3<0.6,"F")))))))))))))) -> B- | U3: No | V3: =IF(ISBLANK(C3),,IFERROR(IF(VLOOKUP(B3,Standings!$A:$F, 6, 0)=VLOOKUP(C3,Standings!$A:$F, 6, 0), VLOOKUP(B3,Standings!$A:$F, 6, 0), "Non-con"), "FCS")) -> ACC | W3: =IF(ISBLANK(O3),,IF(O3>0,C3,B3)) -> Duke | X3: =IF(ISBLANK(O3),,IF(O3<0,C3,B3)) -> Notre Dame | Y3: =IF(D3=0,,IF(ISBLANK(Q3),,VLOOKUP(X3,Week1,2,FALSE)/(VLOOKUP(X3,Week1,2,FALSE)+VLOOKUP(W3,Week1,2,FALSE))+0.05)*100) -> 89.684271 | Z3: Notre Dame | AA3: 27 | AB3: =IF(Z3<>"",(IF(Z3=B3, C3, B3)),"") -> Duke | AC3: 13 | AE3: =IF(ISBLANK(AC3),,AA3-AC3) -> 14 | AG3: =IF(ISBLANK(S3),,If(X3=Z3, 1, 0)) -> 1
A4: 2 | B4: Tulsa | C4: Oklahoma State | D4: =IFERROR(VLOOKUP(B4,Week1,2,FALSE),0) -> 6.67 | E4: =IF(ISBLANK(B4),,IFERROR(VLOOKUP(B4,CurrentRank!$B$2:$C$132,2,FALSE),0)) -> 37.38 | F4: =IFERROR(VLOOKUP(B4,Week1,3,FALSE),130) -> 35 | G4: =IF(ISBLANK(B4),,IFERROR(VLOOKUP(B4,CurrentRank!$B$2:$D$132,3,FALSE),130)) -> 43 | H4: =IFERROR(VLOOKUP(C4,Week1,2,FALSE),0) -> 30.49 | I4: =IF(ISBLANK(B4),,IFERROR(VLOOKUP(C4,CurrentRank!$B$2:$C$132,2,FALSE),0)) -> 59.34 | J4: =IFERROR(VLOOKUP(C4,Week1,3,FALSE),130) -> 16 | K4: =IF(ISBLANK(C4),,IFERROR(VLOOKUP(C4,CurrentRank!$B$2:$D$132,3,FALSE),130)) -> 22 | L4: =IF(U4= "Yes", 0, IF(ISBLANK(C4),,(D4+H4)*0.015)) -> 0.5574 | M4: =IF(U4= "Yes", 0, IF(ISBLANK(D4),,(E4+I4)*0.015)) -> 1.4508 | N4: =IF(ISBLANK(C4),,(F4+J4)/2) -> 25.5 | O4: =IF(H4=0,,(D4-(H4+L4))/2) -> -12.1887 | P4: =IF(ISBLANK(C4),,(E4-(I4+L4))/2) -> -11.2587 | Q4: =IF(ISBLANK(O4),,1-((ABS(O4/2)+N4/2)/100)) -> 0.8115565 | R4: =IF(ISBLANK(Q4),,IF(Q4>=0.975,"A+",IF(Q4>=0.925,"A",IF(Q4>=0.895,"A-",IF(Q4>=0.865,"B+",IF(Q4>=0.825,"B",IF(Q4>=0.795,"B-",IF(Q4>=0.765,"C+",IF(Q4>=0.725,"C",IF(Q4>=0.695,"C-",IF(Q4>=0.665,"D+",IF(Q4>=0.625,"D",IF(Q4>=0.595,"D-",IF(Q4<0.6,"F")))))))))))))) -> B- | S4: =IF(IF(H4=0,,IF(ISBLANK(AC4),,1-(((AE4/2+N4/2)-(AD4*2))/100)))>1, 1, IF(H4=0,,IF(ISBLANK(AC4),,1-(((AE4/2+N4/2)-(AD4*2))/100)))) -> 0.8275 | T4: =IF(ISBLANK(S4),,IF(S4>=0.975,"A+",IF(S4>=0.925,"A",IF(S4>=0.895,"A-",IF(S4>=0.865,"B+",IF(S4>=0.825,"B",IF(S4>=0.795,"B-",IF(S4>=0.765,"C+",IF(S4>=0.725,"C",IF(S4>=0.695,"C-",IF(S4>=0.665,"D+",IF(S4>=0.625,"D",IF(S4>=0.595,"D-",IF(S4<0.6,"F")))))))))))))) -> B | U4: No | V4: =IF(ISBLANK(C4),,IFERROR(IF(VLOOKUP(B4,Standings!$A:$F, 6, 0)=VLOOKUP(C4,Standings!$A:$F, 6, 0), VLOOKUP(B4,Standings!$A:$F, 6, 0), "Non-con"), "FCS")) -> Non-con | W4: =IF(ISBLANK(O4),,IF(O4>0,C4,B4)) -> Tulsa | X4: =IF(ISBLANK(O4),,IF(O4<0,C4,B4)) -> Oklahoma State | Y4: =IF(D4=0,,IF(ISBLANK(Q4),,VLOOKUP(X4,Week1,2,FALSE)/(VLOOKUP(X4,Week1,2,FALSE)+VLOOKUP(W4,Week1,2,FALSE))+0.05)*100) -> 87.050592 | Z4: Oklahoma State | AA4: 16 | AB4: =IF(Z4<>"",(IF(Z4=B4, C4, B4)),"") -> Tulsa | AC4: 7 | AE4: =IF(ISBLANK(AC4),,AA4-AC4) -> 9 | AG4: =IF(ISBLANK(S4),,If(X4=Z4, 1, 0)) -> 1
A5: 2 | B5: Syracuse | C5: North Carolina | D5: =IFERROR(VLOOKUP(B5,Week1,2,FALSE),0) -> 6.67 | E5: =IF(ISBLANK(B5),,IFERROR(VLOOKUP(B5,CurrentRank!$B$2:$C$132,2,FALSE),0)) -> 26.74 | F5: =IFERROR(VLOOKUP(B5,Week1,3,FALSE),130) -> 35 | G5: =IF(ISBLANK(B5),,IFERROR(VLOOKUP(B5,CurrentRank!$B$2:$D$132,3,FALSE),130)) -> 123 | H5: =IFERROR(VLOOKUP(C5,Week1,2,FALSE),0) -> 28.08 | I5: =IF(ISBLANK(B5),,IFERROR(VLOOKUP(C5,CurrentRank!$B$2:$C$132,2,FALSE),0)) -> 63.1 | J5: =IFERROR(VLOOKUP(C5,Week1,3,FALSE),130) -> 19 | K5: =IF(ISBLANK(C5),,IFERROR(VLOOKUP(C5,CurrentRank!$B$2:$D$132,3,FALSE),130)) -> 18 | L5: =IF(U5= "Yes", 0, IF(ISBLANK(C5),,(D5+H5)*0.015)) -> 0.52125 | M5: =IF(U5= "Yes", 0, IF(ISBLANK(D5),,(E5+I5)*0.015)) -> 1.3476 | N5: =IF(ISBLANK(C5),,(F5+J5)/2) -> 27 | O5: =IF(H5=0,,(D5-(H5+L5))/2) -> -10.965625 | P5: =IF(ISBLANK(C5),,(E5-(I5+L5))/2) -> -18.440625 | Q5: =IF(ISBLANK(O5),,1-((ABS(O5/2)+N5/2)/100)) -> 0.81017187 | R5: =IF(ISBLANK(Q5),,IF(Q5>=0.975,"A+",IF(Q5>=0.925,"A",IF(Q5>=0.895,"A-",IF(Q5>=0.865,"B+",IF(Q5>=0.825,"B",IF(Q5>=0.795,"B-",IF(Q5>=0.765,"C+",IF(Q5>=0.725,"C",IF(Q5>=0.695,"C-",IF(Q5>=0.665,"D+",IF(Q5>=0.625,"D",IF(Q5>=0.595,"D-",IF(Q5<0.6,"F")))))))))))))) -> B- | S5: =IF(IF(H5=0,,IF(ISBLANK(AC5),,1-(((AE5/2+N5/2)-(AD5*2))/100)))>1, 1, IF(H5=0,,IF(ISBLANK(AC5),,1-(((AE5/2+N5/2)-(AD5*2))/100)))) -> 0.74 | T5: =IF(ISBLANK(S5),,IF(S5>=0.975,"A+",IF(S5>=0.925,"A",IF(S5>=0.895,"A-",IF(S5>=0.865,"B+",IF(S5>=0.825,"B",IF(S5>=0.795,"B-",IF(S5>=0.765,"C+",IF(S5>=0.725,"C",IF(S5>=0.695,"C-",IF(S5>=0.665,"D+",IF(S5>=0.625,"D",IF(S5>=0.595,"D-",IF(S5<0.6,"F")))))))))))))) -> C | U5: No | V5: =IF(ISBLANK(C5),,IFERROR(IF(VLOOKUP(B5,Standings!$A:$F, 6, 0)=VLOOKUP(C5,Standings!$A:$F, 6, 0), VLOOKUP(B5,Standings!$A:$F, 6, 0), "Non-con"), "FCS")) -> ACC | W5: =IF(ISBLANK(O5),,IF(O5>0,C5,B5)) -> Syracuse | X5: =IF(ISBLANK(O5),,IF(O5<0,C5,B5)) -> North Carolina | Y5: =IF(D5=0,,IF(ISBLANK(Q5),,VLOOKUP(X5,Week1,2,FALSE)/(VLOOKUP(X5,Week1,2,FALSE)+VLOOKUP(W5,Week1,2,FALSE))+0.05)*100) -> 85.805755 | Z5: North Carolina | AA5: 31 | AB5: =IF(Z5<>"",(IF(Z5=B5, C5, B5)),"") -> Syracuse | AC5: 6 | AE5: =IF(ISBLANK(AC5),,AA5-AC5) -> 25 | AG5: =IF(ISBLANK(S5),,If(X5=Z5, 1, 0)) -> 1
A6: 5 | B6: South Florida | C6: Cincinnati | D6: =IFERROR(VLOOKUP(B6,Week4,2,FALSE),0) -> 18.3 | E6: =IF(ISBLANK(B6),,IFERROR(VLOOKUP(B6,CurrentRank!$B$2:$C$132,2,FALSE),0)) -> 13.91 | F6: =IFERROR(VLOOKUP(B6,Week4,3,FALSE),130) -> 130 | G6: =IF(ISBLANK(B6),,IFERROR(VLOOKUP(B6,CurrentRank!$B$2:$D$132,3,FALSE),130)) -> 129 | H6: =IFERROR(VLOOKUP(C6,Week4,2,FALSE),0) -> 69.04 | I6: =IF(ISBLANK(B6),,IFERROR(VLOOKUP(C6,CurrentRank!$B$2:$C$132,2,FALSE),0)) -> 72.9 | J6: =IFERROR(VLOOKUP(C6,Week4,3,FALSE),130) -> 11 | K6: =IF(ISBLANK(C6),,IFERROR(VLOOKUP(C6,CurrentRank!$B$2:$D$132,3,FALSE),130)) -> 9 | L6: =IF(U6= "Yes", 0, IF(ISBLANK(C6),,(D6+H6)*0.015)) -> 1.3101 | M6: =IF(U6= "Yes", 0, IF(ISBLANK(D6),,(E6+I6)*0.015)) -> 1.30215 | N6: =IF(ISBLANK(C6),,(F6+J6)/2) -> 70.5 | O6: =IF(H6=0,,(D6-(H6+L6))/2) -> -26.02505 | P6: =IF(ISBLANK(C6),,(E6-(I6+L6))/2) -> -30.15005 | Q6: =IF(ISBLANK(O6),,1-((ABS(O6/2)+N6/2)/100)) -> 0.51737475 | R6: =IF(ISBLANK(Q6),,IF(Q6>=0.975,"A+",IF(Q6>=0.925,"A",IF(Q6>=0.895,"A-",IF(Q6>=0.865,"B+",IF(Q6>=0.825,"B",IF(Q6>=0.795,"B-",IF(Q6>=0.765,"C+",IF(Q6>=0.725,"C",IF(Q6>=0.695,"C-",IF(Q6>=0.665,"D+",IF(Q6>=0.625,"D",IF(Q6>=0.595,"D-",IF(Q6<0.6,"F")))))))))))))) -> F | S6: =IF(IF(H6=0,,IF(ISBLANK(AC6),,1-(((AE6/2+N6/2)-(AD6*2))/100)))>1, 1, IF(H6=0,,IF(ISBLANK(AC6),,1-(((AE6/2+N6/2)-(AD6*2))/100)))) -> 0.5425 | T6: =IF(ISBLANK(S6),,IF(S6>=0.975,"A+",IF(S6>=0.925,"A",IF(S6>=0.895,"A-",IF(S6>=0.865,"B+",IF(S6>=0.825,"B",IF(S6>=0.795,"B-",IF(S6>=0.765,"C+",IF(S6>=0.725,"C",IF(S6>=0.695,"C-",IF(S6>=0.665,"D+",IF(S6>=0.625,"D",IF(S6>=0.595,"D-",IF(S6<0.6,"F")))))))))))))) -> F | U6: No | V6: =IF(ISBLANK(C6),,IFERROR(IF(VLOOKUP(B6,Standings!$A:$F, 6, 0)=VLOOKUP(C6,Standings!$A:$F, 6, 0), VLOOKUP(B6,Standings!$A:$F, 6, 0), "Non-con"), "FCS")) -> AAC | W6: =IF(ISBLANK(O6),,IF(O6>0,C6,B6)) -> South Florida | X6: =IF(ISBLANK(O6),,IF(O6<0,C6,B6)) -> Cincinnati | Y6: =IF(D6=0,,IF(ISBLANK(Q6),,VLOOKUP(X6,Week4,2,FALSE)/(VLOOKUP(X6,Week4,2,FALSE)+VLOOKUP(W6,Week4,2,FALSE))+0.05)*100) -> 84.047401 | Z6: Cincinnati | AA6: 28 | AB6: =IF(Z6<>"",(IF(Z6=B6, C6, B6)),"") -> South Florida | AC6: 7 | AE6: =IF(ISBLANK(AC6),,AA6-AC6) -> 21 | AG6: =IF(ISBLANK(S6),,If(X6=Z6, 1, 0)) -> 1
A7: 14 | B7: Syracuse | C7: Notre Dame | D7: =IFERROR(VLOOKUP(B7,Week13,2,FALSE),0) -> 25.45 | E7: =IF(ISBLANK(B7),,IFERROR(VLOOKUP(B7,CurrentRank!$B$2:$C$132,2,FALSE),0)) -> 26.74 | F7: =IFERROR(VLOOKUP(B7,Week13,3,FALSE),130) -> 123 | G7: =IF(ISBLANK(B7),,IFERROR(VLOOKUP(B7,CurrentRank!$B$2:$D$132,3,FALSE),130)) -> 123 | H7: =IFERROR(VLOOKUP(C7,Week13,2,FALSE),0) -> 90.44 | I7: =IF(ISBLANK(B7),,IFERROR(VLOOKUP(C7,CurrentRank!$B$2:$C$132,2,FALSE),0)) -> 78.79 | J7: =IFERROR(VLOOKUP(C7,Week13,3,FALSE),130) -> 2 | K7: =IF(ISBLANK(C7),,IFERROR(VLOOKUP(C7,CurrentRank!$B$2:$D$132,3,FALSE),130)) -> 7 | L7: =IF(U7= "Yes", 0, IF(ISBLANK(C7),,(D7+H7)*0.015)) -> 1.73835 | M7: =IF(U7= "Yes", 0, IF(ISBLANK(D7),,(E7+I7)*0.015)) -> 1.58295 | N7: =IF(ISBLANK(C7),,(F7+J7)/2) -> 62.5 | O7: =IF(H7=0,,(D7-(H7+L7))/2) -> -33.364175 | P7: =IF(ISBLANK(C7),,(E7-(I7+L7))/2) -> -26.894175 | Q7: =IF(ISBLANK(O7),,1-((ABS(O7/2)+N7/2)/100)) -> 0.52067913 | R7: =IF(ISBLANK(Q7),,IF(Q7>=0.975,"A+",IF(Q7>=0.925,"A",IF(Q7>=0.895,"A-",IF(Q7>=0.865,"B+",IF(Q7>=0.825,"B",IF(Q7>=0.795,"B-",IF(Q7>=0.765,"C+",IF(Q7>=0.725,"C",IF(Q7>=0.695,"C-",IF(Q7>=0.665,"D+",IF(Q7>=0.625,"D",IF(Q7>=0.595,"D-",IF(Q7<0.6,"F")))))))))))))) -> F | S7: =IF(IF(H7=0,,IF(ISBLANK(AC7),,1-(((AE7/2+N7/2)-(AD7*2))/100)))>1, 1, IF(H7=0,,IF(ISBLANK(AC7),,1-(((AE7/2+N7/2)-(AD7*2))/100)))) -> 0.5675 | T7: =IF(ISBLANK(S7),,IF(S7>=0.975,"A+",IF(S7>=0.925,"A",IF(S7>=0.895,"A-",IF(S7>=0.865,"B+",IF(S7>=0.825,"B",IF(S7>=0.795,"B-",IF(S7>=0.765,"C+",IF(S7>=0.725,"C",IF(S7>=0.695,"C-",IF(S7>=0.665,"D+",IF(S7>=0.625,"D",IF(S7>=0.595,"D-",IF(S7<0.6,"F")))))))))))))) -> F | U7: No | V7: =IF(ISBLANK(C7),,IFERROR(IF(VLOOKUP(B7,Standings!$A:$F, 6, 0)=VLOOKUP(C7,Standings!$A:$F, 6, 0), VLOOKUP(B7,Standings!$A:$F, 6, 0), "Non-con"), "FCS")) -> ACC | W7: =IF(ISBLANK(O7),,IF(O7>0,C7,B7)) -> Syracuse | X7: =IF(ISBLANK(O7),,IF(O7<0,C7,B7)) -> Notre Dame | Y7: =IF(D7=0,,IF(ISBLANK(Q7),,VLOOKUP(X7,Week13,2,FALSE)/(VLOOKUP(X7,Week13,2,FALSE)+VLOOKUP(W7,Week13,2,FALSE))+0.05)*100) -> 83.03952 | Z7: Notre Dame | AA7: 45 | AB7: =IF(Z7<>"",(IF(Z7=B7, C7, B7)),"") -> Syracuse | AC7: 21 | AE7: =IF(ISBLANK(AC7),,AA7-AC7) -> 24 | AG7: =IF(ISBLANK(S7),,If(X7=Z7, 1, 0)) -> 1 | AJ7: BYU
A8: 10 | B8: Clemson | C8: Notre Dame | D8: =IFERROR(VLOOKUP(B8,Week9,2,FALSE),0) -> 94.26 | E8: =IF(ISBLANK(B8),,IFERROR(VLOOKUP(B8,CurrentRank!$B$2:$C$132,2,FALSE),0)) -> 84.24 | F8: =IFERROR(VLOOKUP(B8,Week9,3,FALSE),130) -> 1 | G8: =IF(ISBLANK(B8),,IFERROR(VLOOKUP(B8,CurrentRank!$B$2:$D$132,3,FALSE),130)) -> 4 | H8: =IFERROR(VLOOKUP(C8,Week9,2,FALSE),0) -> 86.91 | I8: =IF(ISBLANK(B8),,IFERROR(VLOOKUP(C8,CurrentRank!$B$2:$C$132,2,FALSE),0)) -> 78.79 | J8: =IFERROR(VLOOKUP(C8,Week9,3,FALSE),130) -> 3 | K8: =IF(ISBLANK(C8),,IFERROR(VLOOKUP(C8,CurrentRank!$B$2:$D$132,3,FALSE),130)) -> 7 | L8: =IF(U8= "Yes", 0, IF(ISBLANK(C8),,(D8+H8)*0.015)) -> 2.71755 | M8: =IF(U8= "Yes", 0, IF(ISBLANK(D8),,(E8+I8)*0.015)) -> 2.44545 | N8: =IF(ISBLANK(C8),,(F8+J8)/2) -> 2 | O8: =IF(H8=0,,(D8-(H8+L8))/2) -> 2.316225 | P8: =IF(ISBLANK(C8),,(E8-(I8+L8))/2) -> 1.366225 | Q8: =IF(ISBLANK(O8),,1-((ABS(O8/2)+N8/2)/100)) -> 0.97841888 | R8: =IF(ISBLANK(Q8),,IF(Q8>=0.975,"A+",IF(Q8>=0.925,"A",IF(Q8>=0.895,"A-",IF(Q8>=0.865,"B+",IF(Q8>=0.825,"B",IF(Q8>=0.795,"B-",IF(Q8>=0.765,"C+",IF(Q8>=0.725,"C",IF(Q8>=0.695,"C-",IF(Q8>=0.665,"D+",IF(Q8>=0.625,"D",IF(Q8>=0.595,"D-",IF(Q8<0.6,"F")))))))))))))) -> A+ | S8: =IF(IF(H8=0,,IF(ISBLANK(AC8),,1-(((AE8/2+N8/2)-(AD8*2))/100)))>1, 1, IF(H8=0,,IF(ISBLANK(AC8),,1-(((AE8/2+N8/2)-(AD8*2))/100)))) -> 0.975 | T8: =IF(ISBLANK(S8),,IF(S8>=0.975,"A+",IF(S8>=0.925,"A",IF(S8>=0.895,"A-",IF(S8>=0.865,"B+",IF(S8>=0.825,"B",IF(S8>=0.795,"B-",IF(S8>=0.765,"C+",IF(S8>=0.725,"C",IF(S8>=0.695,"C-",IF(S8>=0.665,"D+",IF(S8>=0.625,"D",IF(S8>=0.595,"D-",IF(S8<0.6,"F")))))))))))))) -> A+ | U8: No | V8: =IF(ISBLANK(C8),,IFERROR(IF(VLOOKUP(B8,Standings!$A:$F, 6, 0)=VLOOKUP(C8,Standings!$A:$F, 6, 0), VLOOKUP(B8,Standings!$A:$F, 6, 0), "Non-con"), "FCS")) -> ACC | W8: =IF(ISBLANK(O8),,IF(O8>0,C8,B8)) -> Notre Dame | X8: =IF(ISBLANK(O8),,IF(O8<0,C8,B8)) -> Clemson | Y8: =IF(D8=0,,IF(ISBLANK(Q8),,VLOOKUP(X8,Week9,2,FALSE)/(VLOOKUP(X8,Week9,2,FALSE)+VLOOKUP(W8,Week9,2,FALSE))+0.05)*100) -> 57.028482 | Z8: Notre Dame | AA8: 47 | AB8: =IF(Z8<>"",(IF(Z8=B8, C8, B8)),"") -> Clemson | AC8: 40 | AD8: 1 | AE8: =IF(ISBLANK(AC8),,AA8-AC8) -> 7 | AG8: =IF(ISBLANK(S8),,If(X8=Z8, 1, 0)) -> 0 | AH8: =IF(ISBLANK(S8),,IF(X8=Z8, 1, 0)) -> 0
A9: 5 | B9: Oklahoma State | C9: Kansas | D9: =IFERROR(VLOOKUP(B9,Week4,2,FALSE),0) -> 67.72 | E9: =IF(ISBLANK(B9),,IFERROR(VLOOKUP(B9,CurrentRank!$B$2:$C$132,2,FALSE),0)) -> 59.34 | F9: =IFERROR(VLOOKUP(B9,Week4,3,FALSE),130) -> 12 | G9: =IF(ISBLANK(B9),,IFERROR(VLOOKUP(B9,CurrentRank!$B$2:$D$132,3,FALSE),130)) -> 22 | H9: =IFERROR(VLOOKUP(C9,Week4,2,FALSE),0) -> 19.44 | I9: =IF(ISBLANK(B9),,IFERROR(VLOOKUP(C9,CurrentRank!$B$2:$C$132,2,FALSE),0)) -> 21.55 | J9: =IFERROR(VLOOKUP(C9,Week4,3,FALSE),130) -> 129 | K9: =IF(ISBLANK(C9),,IFERROR(VLOOKUP(C9,CurrentRank!$B$2:$D$132,3,FALSE),130)) -> 127 | L9: =IF(U9= "Yes", 0, IF(ISBLANK(C9),,(D9+H9)*0.015)) -> 1.3074 | M9: =IF(U9= "Yes", 0, IF(ISBLANK(D9),,(E9+I9)*0.015)) -> 1.21335 | N9: =IF(ISBLANK(C9),,(F9+J9)/2) -> 70.5 | O9: =IF(H9=0,,(D9-(H9+L9))/2) -> 23.4863 | P9: =IF(ISBLANK(C9),,(E9-(I9+L9))/2) -> 18.2413 | Q9: =IF(ISBLANK(O9),,1-((ABS(O9/2)+N9/2)/100)) -> 0.5300685 | R9: =IF(ISBLANK(Q9),,IF(Q9>=0.975,"A+",IF(Q9>=0.925,"A",IF(Q9>=0.895,"A-",IF(Q9>=0.865,"B+",IF(Q9>=0.825,"B",IF(Q9>=0.795,"B-",IF(Q9>=0.765,"C+",IF(Q9>=0.725,"C",IF(Q9>=0.695,"C-",IF(Q9>=0.665,"D+",IF(Q9>=0.625,"D",IF(Q9>=0.595,"D-",IF(Q9<0.6,"F")))))))))))))) -> F | S9: =IF(IF(H9=0,,IF(ISBLANK(AC9),,1-(((AE9/2+N9/2)-(AD9*2))/100)))>1, 1, IF(H9=0,,IF(ISBLANK(AC9),,1-(((AE9/2+N9/2)-(AD9*2))/100)))) -> 0.4475 | T9: =IF(ISBLANK(S9),,IF(S9>=0.975,"A+",IF(S9>=0.925,"A",IF(S9>=0.895,"A-",IF(S9>=0.865,"B+",IF(S9>=0.825,"B",IF(S9>=0.795,"B-",IF(S9>=0.765,"C+",IF(S9>=0.725,"C",IF(S9>=0.695,"C-",IF(S9>=0.665,"D+",IF(S9>=0.625,"D",IF(S9>=0.595,"D-",IF(S9<0.6,"F")))))))))))))) -> F | U9: No | V9: =IF(ISBLANK(C9),,IFERROR(IF(VLOOKUP(B9,Standings!$A:$F, 6, 0)=VLOOKUP(C9,Standings!$A:$F, 6, 0), VLOOKUP(B9,Standings!$A:$F, 6, 0), "Non-con"), "FCS")) -> BIG12 | W9: =IF(ISBLANK(O9),,IF(O9>0,C9,B9)) -> Kansas | X9: =IF(ISBLANK(O9),,IF(O9<0,C9,B9)) -> Oklahoma State | Y9: =IF(D9=0,,IF(ISBLANK(Q9),,VLOOKUP(X9,Week4,2,FALSE)/(VLOOKUP(X9,Week4,2,FALSE)+VLOOKUP(W9,Week4,2,FALSE))+0.05)*100) -> 82.696191 | Z9: Oklahoma State | AA9: 47 | AB9: =IF(Z9<>"",(IF(Z9=B9, C9, B9)),"") -> Kansas | AC9: 7 | AE9: =IF(ISBLANK(AC9),,AA9-AC9) -> 40 | AG9: =IF(ISBLANK(S9),,If(X9=Z9, 1, 0)) -> 1
A10: 8 | B10: Syracuse | C10: Clemson | D10: =IFERROR(VLOOKUP(B10,Week7,2,FALSE),0) -> 28.46 | E10: =IF(ISBLANK(B10),,IFERROR(VLOOKUP(B10,CurrentRank!$B$2:$C$132,2,FALSE),0)) -> 26.74 | F10: =IFERROR(VLOOKUP(B10,Week7,3,FALSE),130) -> 122 | G10: =IF(ISBLANK(B10),,IFERROR(VLOOKUP(B10,CurrentRank!$B$2:$D$132,3,FALSE),130)) -> 123 | H10: =IFERROR(VLOOKUP(C10,Week7,2,FALSE),0) -> 95.81 | I10: =IF(ISBLANK(B10),,IFERROR(VLOOKUP(C10,CurrentRank!$B$2:$C$132,2,FALSE),0)) -> 84.24 | J10: =IFERROR(VLOOKUP(C10,Week7,3,FALSE),130) -> 1 | K10: =IF(ISBLANK(C10),,IFERROR(VLOOKUP(C10,CurrentRank!$B$2:$D$132,3,FALSE),130)) -> 4 | L10: =IF(U10= "Yes", 0, IF(ISBLANK(C10),,(D10+H10)*0.015)) -> 1.86405 | M10: =IF(U10= "Yes", 0, IF(ISBLANK(D10),,(E10+I10)*0.015)) -> 1.6647 | N10: =IF(ISBLANK(C10),,(F10+J10)/2) -> 61.5 | O10: =IF(H10=0,,(D10-(H10+L10))/2) -> -34.607025 | P10: =IF(ISBLANK(C10),,(E10-(I10+L10))/2) -> -29.682025 | Q10: =IF(ISBLANK(O10),,1-((ABS(O10/2)+N10/2)/100)) -> 0.51946488 | R10: =IF(ISBLANK(Q10),,IF(Q10>=0.975,"A+",IF(Q10>=0.925,"A",IF(Q10>=0.895,"A-",IF(Q10>=0.865,"B+",IF(Q10>=0.825,"B",IF(Q10>=0.795,"B-",IF(Q10>=0.765,"C+",IF(Q10>=0.725,"C",IF(Q10>=0.695,"C-",IF(Q10>=0.665,"D+",IF(Q10>=0.625,"D",IF(Q10>=0.595,"D-",IF(Q10<0.6,"F")))))))))))))) -> F | S10: =IF(IF(H10=0,,IF(ISBLANK(AC10),,1-(((AE10/2+N10/2)-(AD10*2))/100)))>1, 1, IF(H10=0,,IF(ISBLANK(AC10),,1-(((AE10/2+N10/2)-(AD10*2))/100)))) -> 0.5625 | T10: =IF(ISBLANK(S10),,IF(S10>=0.975,"A+",IF(S10>=0.925,"A",IF(S10>=0.895,"A-",IF(S10>=0.865,"B+",IF(S10>=0.825,"B",IF(S10>=0.795,"B-",IF(S10>=0.765,"C+",IF(S10>=0.725,"C",IF(S10>=0.695,"C-",IF(S10>=0.665,"D+",IF(S10>=0.625,"D",IF(S10>=0.595,"D-",IF(S10<0.6,"F")))))))))))))) -> F | U10: No | V10: =IF(ISBLANK(C10),,IFERROR(IF(VLOOKUP(B10,Standings!$A:$F, 6, 0)=VLOOKUP(C10,Standings!$A:$F, 6, 0), VLOOKUP(B10,Standings!$A:$F, 6, 0), "Non-con"), "FCS")) -> ACC | W10: =IF(ISBLANK(O10),,IF(O10>0,C10,B10)) -> Syracuse | X10: =IF(ISBLANK(O10),,IF(O10<0,C10,B10)) -> Clemson | Y10: =IF(D10=0,,IF(ISBLANK(Q10),,VLOOKUP(X10,Week7,2,FALSE)/(VLOOKUP(X10,Week7,2,FALSE)+VLOOKUP(W10,Week7,2,FALSE))+0.05)*100) -> 82.098254 | Z10: Clemson | AA10: 47 | AB10: =IF(Z10<>"",(IF(Z10=B10, C10, B10)),"") -> Syracuse | AC10: 21 | AE10: =IF(ISBLANK(AC10),,AA10-AC10) -> 26 | AG10: =IF(ISBLANK(S10),,If(X10=Z10, 1, 0)) -> 1
A11: 13 | B11: Central Florida | C11: South Florida | D11: =IFERROR(VLOOKUP(B11,Week12,2,FALSE),0) -> 40.27 | E11: =IF(ISBLANK(B11),,IFERROR(VLOOKUP(B11,CurrentRank!$B$2:$C$132,2,FALSE),0)) -> 41.86 | F11: =IFERROR(VLOOKUP(B11,Week12,3,FALSE),130) -> 39 | G11: =IF(ISBLANK(B11),,IFERROR(VLOOKUP(B11,CurrentRank!$B$2:$D$132,3,FALSE),130)) -> 30 | H11: =IFERROR(VLOOKUP(C11,Week12,2,FALSE),0) -> 12.09 | I11: =IF(ISBLANK(B11),,IFERROR(VLOOKUP(C11,CurrentRank!$B$2:$C$132,2,FALSE),0)) -> 13.91 | J11: =IFERROR(VLOOKUP(C11,Week12,3,FALSE),130) -> 129 | K11: =IF(ISBLANK(C11),,IFERROR(VLOOKUP(C11,CurrentRank!$B$2:$D$132,3,FALSE),130)) -> 129 | L11: =IF(U11= "Yes", 0, IF(ISBLANK(C11),,(D11+H11)*0.015)) -> 0.7854 | M11: =IF(U11= "Yes", 0, IF(ISBLANK(D11),,(E11+I11)*0.015)) -> 0.83655 | N11: =IF(ISBLANK(C11),,(F11+J11)/2) -> 84 | O11: =IF(H11=0,,(D11-(H11+L11))/2) -> 13.6973 | P11: =IF(ISBLANK(C11),,(E11-(I11+L11))/2) -> 13.5823 | Q11: =IF(ISBLANK(O11),,1-((ABS(O11/2)+N11/2)/100)) -> 0.5115135 | R11: =IF(ISBLANK(Q11),,IF(Q11>=0.975,"A+",IF(Q11>=0.925,"A",IF(Q11>=0.895,"A-",IF(Q11>=0.865,"B+",IF(Q11>=0.825,"B",IF(Q11>=0.795,"B-",IF(Q11>=0.765,"C+",IF(Q11>=0.725,"C",IF(Q11>=0.695,"C-",IF(Q11>=0.665,"D+",IF(Q11>=0.625,"D",IF(Q11>=0.595,"D-",IF(Q11<0.6,"F")))))))))))))) -> F | S11: =IF(IF(H11=0,,IF(ISBLANK(AC11),,1-(((AE11/2+N11/2)-(AD11*2))/100)))>1, 1, IF(H11=0,,IF(ISBLANK(AC11),,1-(((AE11/2+N11/2)-(AD11*2))/100)))) -> 0.52 | T11: =IF(ISBLANK(S11),,IF(S11>=0.975,"A+",IF(S11>=0.925,"A",IF(S11>=0.895,"A-",IF(S11>=0.865,"B+",IF(S11>=0.825,"B",IF(S11>=0.795,"B-",IF(S11>=0.765,"C+",IF(S11>=0.725,"C",IF(S11>=0.695,"C-",IF(S11>=0.665,"D+",IF(S11>=0.625,"D",IF(S11>=0.595,"D-",IF(S11<0.6,"F")))))))))))))) -> F | U11: No | V11: =IF(ISBLANK(C11),,IFERROR(IF(VLOOKUP(B11,Standings!$A:$F, 6, 0)=VLOOKUP(C11,Standings!$A:$F, 6, 0), VLOOKUP(B11,Standings!$A:$F, 6, 0), "Non-con"), "FCS")) -> AAC | W11: =IF(ISBLANK(O11),,IF(O11>0,C11,B11)) -> South Florida | X11: =IF(ISBLANK(O11),,IF(O11<0,C11,B11)) -> Central Florida | Y11: =IF(D11=0,,IF(ISBLANK(Q11),,VLOOKUP(X11,Week12,2,FALSE)/(VLOOKUP(X11,Week12,2,FALSE)+VLOOKUP(W11,Week12,2,FALSE))+0.05)*100) -> 81.909855 | Z11: Central Florida | AA11: 58 | AB11: =IF(Z11<>"",(IF(Z11=B11, C11, B11)),"") -> South Florida | AC11: 46 | AE11: =IF(ISBLANK(AC11),,AA11-AC11) -> 12 | AG11: =IF(ISBLANK(S11),,If(X11=Z11, 1, 0)) -> 1 | AJ11: Texas A&M
A12: 9 | B12: Notre Dame | C12: Georgia Tech | D12: =IFERROR(VLOOKUP(B12,Week8,2,FALSE),0) -> 86.13 | E12: =IF(ISBLANK(B12),,IFERROR(VLOOKUP(B12,CurrentRank!$B$2:$C$132,2,FALSE),0)) -> 78.79 | F12: =IFERROR(VLOOKUP(B12,Week8,3,FALSE),130) -> 3 | G12: =IF(ISBLANK(B12),,IFERROR(VLOOKUP(B12,CurrentRank!$B$2:$D$132,3,FALSE),130)) -> 7 | H12: =IFERROR(VLOOKUP(C12,Week8,2,FALSE),0) -> 26.51 | I12: =IF(ISBLANK(B12),,IFERROR(VLOOKUP(C12,CurrentRank!$B$2:$C$132,2,FALSE),0)) -> 30.15 | J12: =IFERROR(VLOOKUP(C12,Week8,3,FALSE),130) -> 121 | K12: =IF(ISBLANK(C12),,IFERROR(VLOOKUP(C12,CurrentRank!$B$2:$D$132,3,FALSE),130)) -> 109 | L12: =IF(U12= "Yes", 0, IF(ISBLANK(C12),,(D12+H12)*0.015)) -> 1.6896 | M12: =IF(U12= "Yes", 0, IF(ISBLANK(D12),,(E12+I12)*0.015)) -> 1.6341 | N12: =IF(ISBLANK(C12),,(F12+J12)/2) -> 62 | O12: =IF(H12=0,,(D12-(H12+L12))/2) -> 28.9652 | P12: =IF(ISBLANK(C12),,(E12-(I12+L12))/2) -> 23.4752 | Q12: =IF(ISBLANK(O12),,1-((ABS(O12/2)+N12/2)/100)) -> 0.545174 | R12: =IF(ISBLANK(Q12),,IF(Q12>=0.975,"A+",IF(Q12>=0.925,"A",IF(Q12>=0.895,"A-",IF(Q12>=0.865,"B+",IF(Q12>=0.825,"B",IF(Q12>=0.795,"B-",IF(Q12>=0.765,"C+",IF(Q12>=0.725,"C",IF(Q12>=0.695,"C-",IF(Q12>=0.665,"D+",IF(Q12>=0.625,"D",IF(Q12>=0.595,"D-",IF(Q12<0.6,"F")))))))))))))) -> F | S12: =IF(IF(H12=0,,IF(ISBLANK(AC12),,1-(((AE12/2+N12/2)-(AD12*2))/100)))>1, 1, IF(H12=0,,IF(ISBLANK(AC12),,1-(((AE12/2+N12/2)-(AD12*2))/100)))) -> 0.6 | T12: =IF(ISBLANK(S12),,IF(S12>=0.975,"A+",IF(S12>=0.925,"A",IF(S12>=0.895,"A-",IF(S12>=0.865,"B+",IF(S12>=0.825,"B",IF(S12>=0.795,"B-",IF(S12>=0.765,"C+",IF(S12>=0.725,"C",IF(S12>=0.695,"C-",IF(S12>=0.665,"D+",IF(S12>=0.625,"D",IF(S12>=0.595,"D-",IF(S12<0.6,"F")))))))))))))) -> D- | U12: No | V12: =IF(ISBLANK(C12),,IFERROR(IF(VLOOKUP(B12,Standings!$A:$F, 6, 0)=VLOOKUP(C12,Standings!$A:$F, 6, 0), VLOOKUP(B12,Standings!$A:$F, 6, 0), "Non-con"), "FCS")) -> ACC | W12: =IF(ISBLANK(O12),,IF(O12>0,C12,B12)) -> Georgia Tech | X12: =IF(ISBLANK(O12),,IF(O12<0,C12,B12)) -> Notre Dame | Y12: =IF(D12=0,,IF(ISBLANK(Q12),,VLOOKUP(X12,Week8,2,FALSE)/(VLOOKUP(X12,Week8,2,FALSE)+VLOOKUP(W12,Week8,2,FALSE))+0.05)*100) -> 81.464844 | Z12: Notre Dame | AA12: 31 | AB12: =IF(Z12<>"",(IF(Z12=B12, C12, B12)),"") -> Georgia Tech | AC12: 13 | AE12: =IF(ISBLANK(AC12),,AA12-AC12) -> 18 | AG12: =IF(ISBLANK(S12),,If(X12=Z12, 1, 0)) -> 1 | AJ12: Appalachian State
A13: 9 | B13: Mississippi State | C13: Alabama | D13: =IFERROR(VLOOKUP(B13,Week8,2,FALSE),0) -> 29.5 | E13: =IF(ISBLANK(B13),,IFERROR(VLOOKUP(B13,CurrentRank!$B$2:$C$132,2,FALSE),0)) -> 33.91 | F13: =IFERROR(VLOOKUP(B13,Week8,3,FALSE),130) -> 109 | G13: =IF(ISBLANK(B13),,IFERROR(VLOOKUP(B13,CurrentRank!$B$2:$D$132,3,FALSE),130)) -> 75 | H13: =IFERROR(VLOOKUP(C13,Week8,2,FALSE),0) -> 92.87 | I13: =IF(ISBLANK(B13),,IFERROR(VLOOKUP(C13,CurrentRank!$B$2:$C$132,2,FALSE),0)) -> 96.59 | J13: =IFERROR(VLOOKUP(C13,Week8,3,FALSE),130) -> 2 | K13: =IF(ISBLANK(C13),,IFERROR(VLOOKUP(C13,CurrentRank!$B$2:$D$132,3,FALSE),130)) -> 1 | L13: =IF(U13= "Yes", 0, IF(ISBLANK(C13),,(D13+H13)*0.015)) -> 1.83555 | M13: =IF(U13= "Yes", 0, IF(ISBLANK(D13),,(E13+I13)*0.015)) -> 1.9575 | N13: =IF(ISBLANK(C13),,(F13+J13)/2) -> 55.5 | O13: =IF(H13=0,,(D13-(H13+L13))/2) -> -32.602775 | P13: =IF(ISBLANK(C13),,(E13-(I13+L13))/2) -> -32.257775 | Q13: =IF(ISBLANK(O13),,1-((ABS(O13/2)+N13/2)/100)) -> 0.55948612 | R13: =IF(ISBLANK(Q13),,IF(Q13>=0.975,"A+",IF(Q13>=0.925,"A",IF(Q13>=0.895,"A-",IF(Q13>=0.865,"B+",IF(Q13>=0.825,"B",IF(Q13>=0.795,"B-",IF(Q13>=0.765,"C+",IF(Q13>=0.725,"C",IF(Q13>=0.695,"C-",IF(Q13>=0.665,"D+",IF(Q13>=0.625,"D",IF(Q13>=0.595,"D-",IF(Q13<0.6,"F")))))))))))))) -> F | S13: =IF(IF(H13=0,,IF(ISBLANK(AC13),,1-(((AE13/2+N13/2)-(AD13*2))/100)))>1, 1, IF(H13=0,,IF(ISBLANK(AC13),,1-(((AE13/2+N13/2)-(AD13*2))/100)))) -> 0.5175 | T13: =IF(ISBLANK(S13),,IF(S13>=0.975,"A+",IF(S13>=0.925,"A",IF(S13>=0.895,"A-",IF(S13>=0.865,"B+",IF(S13>=0.825,"B",IF(S13>=0.795,"B-",IF(S13>=0.765,"C+",IF(S13>=0.725,"C",IF(S13>=0.695,"C-",IF(S13>=0.665,"D+",IF(S13>=0.625,"D",IF(S13>=0.595,"D-",IF(S13<0.6,"F")))))))))))))) -> F | U13: No | V13: =IF(ISBLANK(C13),,IFERROR(IF(VLOOKUP(B13,Standings!$A:$F, 6, 0)=VLOOKUP(C13,Standings!$A:$F, 6, 0), VLOOKUP(B13,Standings!$A:$F, 6, 0), "Non-con"), "FCS")) -> SEC | W13: =IF(ISBLANK(O13),,IF(O13>0,C13,B13)) -> Mississippi State | X13: =IF(ISBLANK(O13),,IF(O13<0,C13,B13)) -> Alabama | Y13: =IF(D13=0,,IF(ISBLANK(Q13),,VLOOKUP(X13,Week8,2,FALSE)/(VLOOKUP(X13,Week8,2,FALSE)+VLOOKUP(W13,Week8,2,FALSE))+0.05)*100) -> 80.892784 | Z13: Alabama | AA13: 41 | AB13: =IF(Z13<>"",(IF(Z13=B13, C13, B13)),"") -> Mississippi State | AC13: 0 | AE13: =IF(ISBLANK(AC13),,AA13-AC13) -> 41 | AG13: =IF(ISBLANK(S13),,If(X13=Z13, 1, 0)) -> 1
A14: 17 | B14: Georgia | C14: Cincinnati | D14: =IFERROR(VLOOKUP(B14,Week16,2,FALSE),0) -> 75.64 | E14: =IF(ISBLANK(B14),,IFERROR(VLOOKUP(B14,CurrentRank!$B$2:$C$132,2,FALSE),0)) -> 79.21 | F14: =IFERROR(VLOOKUP(B14,Week16,3,FALSE),130) -> 10 | G14: =IF(ISBLANK(B14),,IFERROR(VLOOKUP(B14,CurrentRank!$B$2:$D$132,3,FALSE),130)) -> 6 | H14: =IFERROR(VLOOKUP(C14,Week16,2,FALSE),0) -> 82.18 | I14: =IF(ISBLANK(B14),,IFERROR(VLOOKUP(C14,CurrentRank!$B$2:$C$132,2,FALSE),0)) -> 72.9 | J14: =IFERROR(VLOOKUP(C14,Week16,3,FALSE),130) -> 6 | K14: =IF(ISBLANK(C14),,IFERROR(VLOOKUP(C14,CurrentRank!$B$2:$D$132,3,FALSE),130)) -> 9 | L14: =IF(U14= "Yes", 0, IF(ISBLANK(C14),,(D14+H14)*0.015)) -> 0 | M14: =IF(U14= "Yes", 0, IF(ISBLANK(D14),,(E14+I14)*0.015)) -> 0 | N14: =IF(ISBLANK(C14),,(F14+J14)/2) -> 8 | O14: =IF(H14=0,,(D14-(H14+L14))/2) -> -3.27 | P14: =IF(ISBLANK(C14),,(E14-(I14+L14))/2) -> 3.155 | Q14: =IF(ISBLANK(O14),,1-((ABS(O14/2)+N14/2)/100)) -> 0.94365 | R14: =IF(ISBLANK(Q14),,IF(Q14>=0.975,"A+",IF(Q14>=0.925,"A",IF(Q14>=0.895,"A-",IF(Q14>=0.865,"B+",IF(Q14>=0.825,"B",IF(Q14>=0.795,"B-",IF(Q14>=0.765,"C+",IF(Q14>=0.725,"C",IF(Q14>=0.695,"C-",IF(Q14>=0.665,"D+",IF(Q14>=0.625,"D",IF(Q14>=0.595,"D-",IF(Q14<0.6,"F")))))))))))))) -> A | S14: =IF(IF(H14=0,,IF(ISBLANK(AC14),,1-(((AE14/2+N14/2)-(AD14*2))/100)))>1, 1, IF(H14=0,,IF(ISBLANK(AC14),,1-(((AE14/2+N14/2)-(AD14*2))/100)))) -> 0.945 | T14: =IF(ISBLANK(S14),,IF(S14>=0.975,"A+",IF(S14>=0.925,"A",IF(S14>=0.895,"A-",IF(S14>=0.865,"B+",IF(S14>=0.825,"B",IF(S14>=0.795,"B-",IF(S14>=0.765,"C+",IF(S14>=0.725,"C",IF(S14>=0.695,"C-",IF(S14>=0.665,"D+",IF(S14>=0.625,"D",IF(S14>=0.595,"D-",IF(S14<0.6,"F")))))))))))))) -> A | U14: Yes | V14: =IF(ISBLANK(C14),,IFERROR(IF(VLOOKUP(B14,Standings!$A:$F, 6, 0)=VLOOKUP(C14,Standings!$A:$F, 6, 0), VLOOKUP(B14,Standings!$A:$F, 6, 0), "Non-con"), "FCS")) -> Non-con | W14: =IF(ISBLANK(O14),,IF(O14>0,C14,B14)) -> Georgia | X14: =IF(ISBLANK(O14),,IF(O14<0,C14,B14)) -> Cincinnati | Y14: =IF(D14=0,,IF(ISBLANK(Q14),,VLOOKUP(X14,Week16,2,FALSE)/(VLOOKUP(X14,Week16,2,FALSE)+VLOOKUP(W14,Week16,2,FALSE)))*100) -> 52.071981 | Z14: Georgia | AA14: 24 | AB14: =IF(Z14<>"",(IF(Z14=B14, C14, B14)),"") -> Cincinnati | AC14: 21 | AE14: =IF(ISBLANK(AC14),,AA14-AC14) -> 3 | AF14: BOWL | AG14: =IF(ISBLANK(S14),,If(X14=Z14, 1, 0)) -> 0
A15: 12 | B15: Florida | C15: Vanderbilt | D15: =IFERROR(VLOOKUP(B15,Week11,2,FALSE),0) -> 80 | E15: =IF(ISBLANK(B15),,IFERROR(VLOOKUP(B15,CurrentRank!$B$2:$C$132,2,FALSE),0)) -> 68.03 | F15: =IFERROR(VLOOKUP(B15,Week11,3,FALSE),130) -> 7 | G15: =IF(ISBLANK(B15),,IFERROR(VLOOKUP(B15,CurrentRank!$B$2:$D$132,3,FALSE),130)) -> 16 | H15: =IFERROR(VLOOKUP(C15,Week11,2,FALSE),0) -> 26.23 | I15: =IF(ISBLANK(B15),,IFERROR(VLOOKUP(C15,CurrentRank!$B$2:$C$132,2,FALSE),0)) -> 25.47 | J15: =IFERROR(VLOOKUP(C15,Week11,3,FALSE),130) -> 123 | K15: =IF(ISBLANK(C15),,IFERROR(VLOOKUP(C15,CurrentRank!$B$2:$D$132,3,FALSE),130)) -> 125 | L15: =IF(U15= "Yes", 0, IF(ISBLANK(C15),,(D15+H15)*0.015)) -> 1.59345 | M15: =IF(U15= "Yes", 0, IF(ISBLANK(D15),,(E15+I15)*0.015)) -> 1.4025 | N15: =IF(ISBLANK(C15),,(F15+J15)/2) -> 65 | O15: =IF(H15=0,,(D15-(H15+L15))/2) -> 26.088275 | P15: =IF(ISBLANK(C15),,(E15-(I15+L15))/2) -> 20.483275 | Q15: =IF(ISBLANK(O15),,1-((ABS(O15/2)+N15/2)/100)) -> 0.54455862 | R15: =IF(ISBLANK(Q15),,IF(Q15>=0.975,"A+",IF(Q15>=0.925,"A",IF(Q15>=0.895,"A-",IF(Q15>=0.865,"B+",IF(Q15>=0.825,"B",IF(Q15>=0.795,"B-",IF(Q15>=0.765,"C+",IF(Q15>=0.725,"C",IF(Q15>=0.695,"C-",IF(Q15>=0.665,"D+",IF(Q15>=0.625,"D",IF(Q15>=0.595,"D-",IF(Q15<0.6,"F")))))))))))))) -> F | S15: =IF(IF(H15=0,,IF(ISBLANK(AC15),,1-(((AE15/2+N15/2)-(AD15*2))/100)))>1, 1, IF(H15=0,,IF(ISBLANK(AC15),,1-(((AE15/2+N15/2)-(AD15*2))/100)))) -> 0.57 | T15: =IF(ISBLANK(S15),,IF(S15>=0.975,"A+",IF(S15>=0.925,"A",IF(S15>=0.895,"A-",IF(S15>=0.865,"B+",IF(S15>=0.825,"B",IF(S15>=0.795,"B-",IF(S15>=0.765,"C+",IF(S15>=0.725,"C",IF(S15>=0.695,"C-",IF(S15>=0.665,"D+",IF(S15>=0.625,"D",IF(S15>=0.595,"D-",IF(S15<0.6,"F")))))))))))))) -> F | U15: No | V15: =IF(ISBLANK(C15),,IFERROR(IF(VLOOKUP(B15,Standings!$A:$F, 6, 0)=VLOOKUP(C15,Standings!$A:$F, 6, 0), VLOOKUP(B15,Standings!$A:$F, 6, 0), "Non-con"), "FCS")) -> SEC | W15: =IF(ISBLANK(O15),,IF(O15>0,C15,B15)) -> Vanderbilt | X15: =IF(ISBLANK(O15),,IF(O15<0,C15,B15)) -> Florida | Y15: =IF(D15=0,,IF(ISBLANK(Q15),,VLOOKUP(X15,Week11,2,FALSE)/(VLOOKUP(X15,Week11,2,FALSE)+VLOOKUP(W15,Week11,2,FALSE))+0.05)*100) -> 80.308293 | Z15: Florida | AA15: 38 | AB15: =IF(Z15<>"",(IF(Z15=B15, C15, B15)),"") -> Vanderbilt | AC15: 17 | AE15: =IF(ISBLANK(AC15),,AA15-AC15) -> 21 | AG15: =IF(ISBLANK(S15),,If(X15=Z15, 1, 0)) -> 1 | AJ15: Houston
A16: 8 | B16: Tulsa | C16: South Florida | D16: =IFERROR(VLOOKUP(B16,Week7,2,FALSE),0) -> 38.56 | E16: =IF(ISBLANK(B16),,IFERROR(VLOOKUP(B16,CurrentRank!$B$2:$C$132,2,FALSE),0)) -> 37.38 | F16: =IFERROR(VLOOKUP(B16,Week7,3,FALSE),130) -> 41 | G16: =IF(ISBLANK(B16),,IFERROR(VLOOKUP(B16,CurrentRank!$B$2:$D$132,3,FALSE),130)) -> 43 | H16: =IFERROR(VLOOKUP(C16,Week7,2,FALSE),0) -> 12.76 | I16: =IF(ISBLANK(B16),,IFERROR(VLOOKUP(C16,CurrentRank!$B$2:$C$132,2,FALSE),0)) -> 13.91 | J16: =IFERROR(VLOOKUP(C16,Week7,3,FALSE),130) -> 130 | K16: =IF(ISBLANK(C16),,IFERROR(VLOOKUP(C16,CurrentRank!$B$2:$D$132,3,FALSE),130)) -> 129 | L16: =IF(U16= "Yes", 0, IF(ISBLANK(C16),,(D16+H16)*0.015)) -> 0.7698 | M16: =IF(U16= "Yes", 0, IF(ISBLANK(D16),,(E16+I16)*0.015)) -> 0.76935 | N16: =IF(ISBLANK(C16),,(F16+J16)/2) -> 85.5 | O16: =IF(H16=0,,(D16-(H16+L16))/2) -> 12.5151 | P16: =IF(ISBLANK(C16),,(E16-(I16+L16))/2) -> 11.3501 | Q16: =IF(ISBLANK(O16),,1-((ABS(O16/2)+N16/2)/100)) -> 0.5099245 | R16: =IF(ISBLANK(Q16),,IF(Q16>=0.975,"A+",IF(Q16>=0.925,"A",IF(Q16>=0.895,"A-",IF(Q16>=0.865,"B+",IF(Q16>=0.825,"B",IF(Q16>=0.795,"B-",IF(Q16>=0.765,"C+",IF(Q16>=0.725,"C",IF(Q16>=0.695,"C-",IF(Q16>=0.665,"D+",IF(Q16>=0.625,"D",IF(Q16>=0.595,"D-",IF(Q16<0.6,"F")))))))))))))) -> F | S16: =IF(IF(H16=0,,IF(ISBLANK(AC16),,1-(((AE16/2+N16/2)-(AD16*2))/100)))>1, 1, IF(H16=0,,IF(ISBLANK(AC16),,1-(((AE16/2+N16/2)-(AD16*2))/100)))) -> 0.4275 | T16: =IF(ISBLANK(S16),,IF(S16>=0.975,"A+",IF(S16>=0.925,"A",IF(S16>=0.895,"A-",IF(S16>=0.865,"B+",IF(S16>=0.825,"B",IF(S16>=0.795,"B-",IF(S16>=0.765,"C+",IF(S16>=0.725,"C",IF(S16>=0.695,"C-",IF(S16>=0.665,"D+",IF(S16>=0.625,"D",IF(S16>=0.595,"D-",IF(S16<0.6,"F")))))))))))))) -> F | U16: No | V16: =IF(ISBLANK(C16),,IFERROR(IF(VLOOKUP(B16,Standings!$A:$F, 6, 0)=VLOOKUP(C16,Standings!$A:$F, 6, 0), VLOOKUP(B16,Standings!$A:$F, 6, 0), "Non-con"), "FCS")) -> AAC | W16: =IF(ISBLANK(O16),,IF(O16>0,C16,B16)) -> South Florida | X16: =IF(ISBLANK(O16),,IF(O16<0,C16,B16)) -> Tulsa | Y16: =IF(D16=0,,IF(ISBLANK(Q16),,VLOOKUP(X16,Week7,2,FALSE)/(VLOOKUP(X16,Week7,2,FALSE)+VLOOKUP(W16,Week7,2,FALSE))+0.05)*100) -> 80.136399 | Z16: Tulsa | AA16: 42 | AB16: =IF(Z16<>"",(IF(Z16=B16, C16, B16)),"") -> South Florida | AC16: 13 | AE16: =IF(ISBLANK(AC16),,AA16-AC16) -> 29 | AG16: =IF(ISBLANK(S16),,If(X16=Z16, 1, 0)) -> 1
A17: 17 | B17: Liberty | C17: Coastal Carolina | D17: =IFERROR(VLOOKUP(B17,Week16,2,FALSE),0) -> 59.47 | E17: =IF(ISBLANK(B17),,IFERROR(VLOOKUP(B17,CurrentRank!$B$2:$C$132,2,FALSE),0)) -> 65.58 | F17: =IFERROR(VLOOKUP(B17,Week16,3,FALSE),130) -> 21 | G17: =IF(ISBLANK(B17),,IFERROR(VLOOKUP(B17,CurrentRank!$B$2:$D$132,3,FALSE),130)) -> 17 | H17: =IFERROR(VLOOKUP(C17,Week16,2,FALSE),0) -> 83.31 | I17: =IF(ISBLANK(B17),,IFERROR(VLOOKUP(C17,CurrentRank!$B$2:$C$132,2,FALSE),0)) -> 69.98 | J17: =IFERROR(VLOOKUP(C17,Week16,3,FALSE),130) -> 5 | K17: =IF(ISBLANK(C17),,IFERROR(VLOOKUP(C17,CurrentRank!$B$2:$D$132,3,FALSE),130)) -> 13 | L17: =IF(U17= "Yes", 0, IF(ISBLANK(C17),,(D17+H17)*0.015)) -> 0 | M17: =IF(U17= "Yes", 0, IF(ISBLANK(D17),,(E17+I17)*0.015)) -> 0 | N17: =IF(ISBLANK(C17),,(F17+J17)/2) -> 13 | O17: =IF(H17=0,,(D17-(H17+L17))/2) -> -11.92 | P17: =IF(ISBLANK(C17),,(E17-(I17+L17))/2) -> -2.2 | Q17: =IF(ISBLANK(O17),,1-((ABS(O17/2)+N17/2)/100)) -> 0.8754 | R17: =IF(ISBLANK(Q17),,IF(Q17>=0.975,"A+",IF(Q17>=0.925,"A",IF(Q17>=0.895,"A-",IF(Q17>=0.865,"B+",IF(Q17>=0.825,"B",IF(Q17>=0.795,"B-",IF(Q17>=0.765,"C+",IF(Q17>=0.725,"C",IF(Q17>=0.695,"C-",IF(Q17>=0.665,"D+",IF(Q17>=0.625,"D",IF(Q17>=0.595,"D-",IF(Q17<0.6,"F")))))))))))))) -> B+ | S17: =IF(IF(H17=0,,IF(ISBLANK(AC17),,1-(((AE17/2+N17/2)-(AD17*2))/100)))>1, 1, IF(H17=0,,IF(ISBLANK(AC17),,1-(((AE17/2+N17/2)-(AD17*2))/100)))) -> 0.94 | T17: =IF(ISBLANK(S17),,IF(S17>=0.975,"A+",IF(S17>=0.925,"A",IF(S17>=0.895,"A-",IF(S17>=0.865,"B+",IF(S17>=0.825,"B",IF(S17>=0.795,"B-",IF(S17>=0.765,"C+",IF(S17>=0.725,"C",IF(S17>=0.695,"C-",IF(S17>=0.665,"D+",IF(S17>=0.625,"D",IF(S17>=0.595,"D-",IF(S17<0.6,"F")))))))))))))) -> A | U17: Yes | V17: =IF(ISBLANK(C17),,IFERROR(IF(VLOOKUP(B17,Standings!$A:$F, 6, 0)=VLOOKUP(C17,Standings!$A:$F, 6, 0), VLOOKUP(B17,Standings!$A:$F, 6, 0), "Non-con"), "FCS")) -> Non-con | W17: =IF(ISBLANK(O17),,IF(O17>0,C17,B17)) -> Liberty | X17: =IF(ISBLANK(O17),,IF(O17<0,C17,B17)) -> Coastal Carolina | Y17: =IF(D17=0,,IF(ISBLANK(Q17),,VLOOKUP(X17,Week16,2,FALSE)/(VLOOKUP(X17,Week16,2,FALSE)+VLOOKUP(W17,Week16,2,FALSE)))*100) -> 58.348508 | Z17: Liberty | AA17: 37 | AB17: =IF(Z17<>"",(IF(Z17=B17, C17, B17)),"") -> Coastal Carolina | AC17: 34 | AD17: 1 | AE17: =IF(ISBLANK(AC17),,AA17-AC17) -> 3 | AF17: BOWL | AG17: =IF(ISBLANK(S17),,If(X17=Z17, 1, 0)) -> 0
A18: 12 | B18: Clemson | C18: Florida State | D18: =IFERROR(VLOOKUP(B18,CurrentRank!$B$2:$C$132,2,FALSE),0) -> 84.24 | E18: =IF(ISBLANK(B18),,IFERROR(VLOOKUP(B18,CurrentRank!$B$2:$C$132,2,FALSE),0)) -> 84.24 | F18: =IFERROR(VLOOKUP(B18,CurrentRank!$B$2:$D$132,3,FALSE),130) -> 4 | G18: =IF(ISBLANK(B18),,IFERROR(VLOOKUP(B18,CurrentRank!$B$2:$D$132,3,FALSE),130)) -> 4 | H18: =IFERROR(VLOOKUP(C18,CurrentRank!$B$2:$C$132,2,FALSE),0) -> 32.08 | I18: =IF(ISBLANK(B18),,IFERROR(VLOOKUP(C18,CurrentRank!$B$2:$C$132,2,FALSE),0)) -> 32.08 | J18: =IFERROR(VLOOKUP(C18,Week11,3,FALSE),130) -> 118 | K18: =IFERROR(VLOOKUP(C18,CurrentRank!$B$2:$D$132,3,FALSE),130) -> 93 | L18: =IF(ISBLANK(C18),,(D18+H18)*0.015) -> 1.7448 | M18: =IF(ISBLANK(D18),,(E18+I18)*0.015) -> 1.7448 | N18: =F18+K18 -> 97 | O18: =IF(H18=0,,(D18-(H18+L18))/2) -> 25.2076 | P18: =(D18-(H18+L18))/2 -> 25.2076 | Q18: =IF(ISBLANK(O18),,1-((ABS(O18/2)+N18/2)/100)) -> 0.388962 | R18: =IF(ISBLANK(Q18),,IF(Q18>=0.975,"A+",IF(Q18>=0.925,"A",IF(Q18>=0.895,"A-",IF(Q18>=0.865,"B+",IF(Q18>=0.825,"B",IF(Q18>=0.795,"B-",IF(Q18>=0.765,"C+",IF(Q18>=0.725,"C",IF(Q18>=0.695,"C-",IF(Q18>=0.665,"D+",IF(Q18>=0.625,"D",IF(Q18>=0.595,"D-",IF(Q18<0.6,"F")))))))))))))) -> F | S18: =IF(IF(H18=0,,IF(ISBLANK(AC18),,1-(((AE18/2+N18/2)-(AD18*2))/100)))>1, 1, IF(H18=0,,IF(ISBLANK(AC18),,1-(((AE18/2+N18/2)-(AD18*2))/100)))) | T18: =IF(ISBLANK(S18),,IF(S18>=0.975,"A+",IF(S18>=0.925,"A",IF(S18>=0.895,"A-",IF(S18>=0.865,"B+",IF(S18>=0.825,"B",IF(S18>=0.795,"B-",IF(S18>=0.765,"C+",IF(S18>=0.725,"C",IF(S18>=0.695,"C-",IF(S18>=0.665,"D+",IF(S18>=0.625,"D",IF(S18>=0.595,"D-",IF(S18<0.6,"F")))))))))))))) | U18: No | V18: =IFERROR(IF(VLOOKUP(B18,Standings!$A:$F, 6, 0)=VLOOKUP(C18,Standings!$A:$F, 6, 0), VLOOKUP(B18,Standings!$A:$F, 6, 0), "Non-con"), "FCS") -> ACC | W18: =IF(ISBLANK(O18),,IF(O18>0,C18,B18)) -> Florida State | X18: =IF(ISBLANK(O18),,IF(O18<0,C18,B18)) -> Clemson | Y18: =IF(D18=0,,IF(ISBLANK(Q18),,VLOOKUP(X18,Week11,2,FALSE)/(VLOOKUP(X18,Week11,2,FALSE)+VLOOKUP(W18,Week11,2,FALSE))+0.05)*100) -> 80.101015 | AE18: =IF(ISBLANK(AC18),,AA18-AC18) | AF18: CAN | AG18: =IF(ISBLANK(S18),,If(X18=Z18, 1, 0))
A19: 6 | B19: Florida State | C19: Notre Dame | D19: =IFERROR(VLOOKUP(B19,Week5,2,FALSE),0) -> 26.67 | E19: =IF(ISBLANK(B19),,IFERROR(VLOOKUP(B19,CurrentRank!$B$2:$C$132,2,FALSE),0)) -> 32.08 | F19: =IFERROR(VLOOKUP(B19,Week5,3,FALSE),130) -> 122 | G19: =IF(ISBLANK(B19),,IFERROR(VLOOKUP(B19,CurrentRank!$B$2:$D$132,3,FALSE),130)) -> 93 | H19: =IFERROR(VLOOKUP(C19,Week5,2,FALSE),0) -> 80.23 | I19: =IF(ISBLANK(B19),,IFERROR(VLOOKUP(C19,CurrentRank!$B$2:$C$132,2,FALSE),0)) -> 78.79 | J19: =IFERROR(VLOOKUP(C19,Week5,3,FALSE),130) -> 7 | K19: =IF(ISBLANK(C19),,IFERROR(VLOOKUP(C19,CurrentRank!$B$2:$D$132,3,FALSE),130)) -> 7 | L19: =IF(U19= "Yes", 0, IF(ISBLANK(C19),,(D19+H19)*0.015)) -> 1.6035 | M19: =IF(U19= "Yes", 0, IF(ISBLANK(D19),,(E19+I19)*0.015)) -> 1.66305 | N19: =IF(ISBLANK(C19),,(F19+J19)/2) -> 64.5 | O19: =IF(H19=0,,(D19-(H19+L19))/2) -> -27.58175 | P19: =IF(ISBLANK(C19),,(E19-(I19+L19))/2) -> -24.15675 | Q19: =IF(ISBLANK(O19),,1-((ABS(O19/2)+N19/2)/100)) -> 0.53959125 | R19: =IF(ISBLANK(Q19),,IF(Q19>=0.975,"A+",IF(Q19>=0.925,"A",IF(Q19>=0.895,"A-",IF(Q19>=0.865,"B+",IF(Q19>=0.825,"B",IF(Q19>=0.795,"B-",IF(Q19>=0.765,"C+",IF(Q19>=0.725,"C",IF(Q19>=0.695,"C-",IF(Q19>=0.665,"D+",IF(Q19>=0.625,"D",IF(Q19>=0.595,"D-",IF(Q19<0.6,"F")))))))))))))) -> F | S19: =IF(IF(H19=0,,IF(ISBLANK(AC19),,1-(((AE19/2+N19/2)-(AD19*2))/100)))>1, 1, IF(H19=0,,IF(ISBLANK(AC19),,1-(((AE19/2+N19/2)-(AD19*2))/100)))) -> 0.5975 | T19: =IF(ISBLANK(S19),,IF(S19>=0.975,"A+",IF(S19>=0.925,"A",IF(S19>=0.895,"A-",IF(S19>=0.865,"B+",IF(S19>=0.825,"B",IF(S19>=0.795,"B-",IF(S19>=0.765,"C+",IF(S19>=0.725,"C",IF(S19>=0.695,"C-",IF(S19>=0.665,"D+",IF(S19>=0.625,"D",IF(S19>=0.595,"D-",IF(S19<0.6,"F")))))))))))))) -> D- | U19: No | V19: =IF(ISBLANK(C19),,IFERROR(IF(VLOOKUP(B19,Standings!$A:$F, 6, 0)=VLOOKUP(C19,Standings!$A:$F, 6, 0), VLOOKUP(B19,Standings!$A:$F, 6, 0), "Non-con"), "FCS")) -> ACC | W19: =IF(ISBLANK(O19),,IF(O19>0,C19,B19)) -> Florida State | X19: =IF(ISBLANK(O19),,IF(O19<0,C19,B19)) -> Notre Dame | Y19: =IF(D19=0,,IF(ISBLANK(Q19),,VLOOKUP(X19,Week5,2,FALSE)/(VLOOKUP(X19,Week5,2,FALSE)+VLOOKUP(W19,Week5,2,FALSE))+0.05)*100) -> 80.05145 | Z19: Notre Dame | AA19: 42 | AB19: =IF(Z19<>"",(IF(Z19=B19, C19, B19)),"") -> Florida State | AC19: 26 | AE19: =IF(ISBLANK(AC19),,AA19-AC19) -> 16 | AG19: =IF(ISBLANK(S19),,If(X19=Z19, 1, 0)) -> 1
A20: 10 | B20: South Florida | C20: Memphis | D20: =IFERROR(VLOOKUP(B20,Week9,2,FALSE),0) -> 12.11 | E20: =IF(ISBLANK(B20),,IFERROR(VLOOKUP(B20,CurrentRank!$B$2:$C$132,2,FALSE),0)) -> 13.91 | F20: =IFERROR(VLOOKUP(B20,Week9,3,FALSE),130) -> 130 | G20: =IF(ISBLANK(B20),,IFERROR(VLOOKUP(B20,CurrentRank!$B$2:$D$132,3,FALSE),130)) -> 129 | H20: =IFERROR(VLOOKUP(C20,Week9,2,FALSE),0) -> 36.35 | I20: =IF(ISBLANK(B20),,IFERROR(VLOOKUP(C20,CurrentRank!$B$2:$C$132,2,FALSE),0)) -> 35.34 | J20: =IFERROR(VLOOKUP(C20,Week9,3,FALSE),130) -> 53 | K20: =IF(ISBLANK(C20),,IFERROR(VLOOKUP(C20,CurrentRank!$B$2:$D$132,3,FALSE),130)) -> 61 | L20: =IF(U20= "Yes", 0, IF(ISBLANK(C20),,(D20+H20)*0.015)) -> 0.7269 | M20: =IF(U20= "Yes", 0, IF(ISBLANK(D20),,(E20+I20)*0.015)) -> 0.73875 | N20: =IF(ISBLANK(C20),,(F20+J20)/2) -> 91.5 | O20: =IF(H20=0,,(D20-(H20+L20))/2) -> -12.48345 | P20: =IF(ISBLANK(C20),,(E20-(I20+L20))/2) -> -11.07845 | Q20: =IF(ISBLANK(O20),,1-((ABS(O20/2)+N20/2)/100)) -> 0.48008275 | R20: =IF(ISBLANK(Q20),,IF(Q20>=0.975,"A+",IF(Q20>=0.925,"A",IF(Q20>=0.895,"A-",IF(Q20>=0.865,"B+",IF(Q20>=0.825,"B",IF(Q20>=0.795,"B-",IF(Q20>=0.765,"C+",IF(Q20>=0.725,"C",IF(Q20>=0.695,"C-",IF(Q20>=0.665,"D+",IF(Q20>=0.625,"D",IF(Q20>=0.595,"D-",IF(Q20<0.6,"F")))))))))))))) -> F | S20: =IF(IF(H20=0,,IF(ISBLANK(AC20),,1-(((AE20/2+N20/2)-(AD20*2))/100)))>1, 1, IF(H20=0,,IF(ISBLANK(AC20),,1-(((AE20/2+N20/2)-(AD20*2))/100)))) -> 0.5375 | T20: =IF(ISBLANK(S20),,IF(S20>=0.975,"A+",IF(S20>=0.925,"A",IF(S20>=0.895,"A-",IF(S20>=0.865,"B+",IF(S20>=0.825,"B",IF(S20>=0.795,"B-",IF(S20>=0.765,"C+",IF(S20>=0.725,"C",IF(S20>=0.695,"C-",IF(S20>=0.665,"D+",IF(S20>=0.625,"D",IF(S20>=0.595,"D-",IF(S20<0.6,"F")))))))))))))) -> F | U20: No | V20: =IF(ISBLANK(C20),,IFERROR(IF(VLOOKUP(B20,Standings!$A:$F, 6, 0)=VLOOKUP(C20,Standings!$A:$F, 6, 0), VLOOKUP(B20,Standings!$A:$F, 6, 0), "Non-con"), "FCS")) -> AAC | W20: =IF(ISBLANK(O20),,IF(O20>0,C20,B20)) -> South Florida | X20: =IF(ISBLANK(O20),,IF(O20<0,C20,B20)) -> Memphis | Y20: =IF(D20=0,,IF(ISBLANK(Q20),,VLOOKUP(X20,Week9,2,FALSE)/(VLOOKUP(X20,Week9,2,FALSE)+VLOOKUP(W20,Week9,2,FALSE))+0.05)*100) -> 80.010318 | Z20: Memphis | AA20: 34 | AB20: =IF(Z20<>"",(IF(Z20=B20, C20, B20)),"") -> South Florida | AC20: 33 | AE20: =IF(ISBLANK(AC20),,AA20-AC20) -> 1 | AG20: =IF(ISBLANK(S20),,If(X20=Z20, 1, 0)) -> 1 | AJ20: Coastal Carolina
A21: 16 | B21: Vanderbilt | C21: Georgia | D21: =IFERROR(VLOOKUP(B21,Week15,2,FALSE),0) -> 25.17 | E21: =IF(ISBLANK(B21),,IFERROR(VLOOKUP(B21,CurrentRank!$B$2:$C$132,2,FALSE),0)) -> 25.47 | F21: =IFERROR(VLOOKUP(B21,Week15,3,FALSE),130) -> 125 | G21: =IF(ISBLANK(B21),,IFERROR(VLOOKUP(B21,CurrentRank!$B$2:$D$132,3,FALSE),130)) -> 125 | H21: =IFERROR(VLOOKUP(C21,Week15,2,FALSE),0) -> 75.51 | I21: =IF(ISBLANK(B21),,IFERROR(VLOOKUP(C21,CurrentRank!$B$2:$C$132,2,FALSE),0)) -> 79.21 | J21: =IFERROR(VLOOKUP(C21,Week15,3,FALSE),130) -> 10 | K21: =IF(ISBLANK(C21),,IFERROR(VLOOKUP(C21,CurrentRank!$B$2:$D$132,3,FALSE),130)) -> 6 | L21: =IF(ISBLANK(C21),,(D21+H21)*0.015) -> 1.5102 | M21: =IF(ISBLANK(D21),,(E21+I21)*0.015) -> 1.5702 | N21: =IF(ISBLANK(C21),,(F21+J21)/2) -> 67.5 | O21: =IF(H21=0,,(D21-(H21+L21))/2) -> -25.9251 | P21: =IF(ISBLANK(C21),,(E21-(I21+L21))/2) -> -27.6251 | Q21: =IF(ISBLANK(O21),,1-((ABS(O21/2)+N21/2)/100)) -> 0.5328745 | R21: =IF(ISBLANK(Q21),,IF(Q21>=0.975,"A+",IF(Q21>=0.925,"A",IF(Q21>=0.895,"A-",IF(Q21>=0.865,"B+",IF(Q21>=0.825,"B",IF(Q21>=0.795,"B-",IF(Q21>=0.765,"C+",IF(Q21>=0.725,"C",IF(Q21>=0.695,"C-",IF(Q21>=0.665,"D+",IF(Q21>=0.625,"D",IF(Q21>=0.595,"D-",IF(Q21<0.6,"F")))))))))))))) -> F | S21: =IF(IF(H21=0,,IF(ISBLANK(AC21),,1-(((AE21/2+N21/2)-(AD21*2))/100)))>1, 1, IF(H21=0,,IF(ISBLANK(AC21),,1-(((AE21/2+N21/2)-(AD21*2))/100)))) | T21: =IF(ISBLANK(S21),,IF(S21>=0.975,"A+",IF(S21>=0.925,"A",IF(S21>=0.895,"A-",IF(S21>=0.865,"B+",IF(S21>=0.825,"B",IF(S21>=0.795,"B-",IF(S21>=0.765,"C+",IF(S21>=0.725,"C",IF(S21>=0.695,"C-",IF(S21>=0.665,"D+",IF(S21>=0.625,"D",IF(S21>=0.595,"D-",IF(S21<0.6,"F")))))))))))))) | U21: No | V21: =IF(ISBLANK(C21),,IFERROR(IF(VLOOKUP(B21,Standings!$A:$F, 6, 0)=VLOOKUP(C21,Standings!$A:$F, 6, 0), VLOOKUP(B21,Standings!$A:$F, 6, 0), "Non-con"), "FCS")) -> SEC | W21: =IF(ISBLANK(O21),,IF(O21>0,C21,B21)) -> Vanderbilt | X21: =IF(ISBLANK(O21),,IF(O21<0,C21,B21)) -> Georgia | Y21: =IF(D21=0,,IF(ISBLANK(Q21),,VLOOKUP(X21,Week15,2,FALSE)/(VLOOKUP(X21,Week15,2,FALSE)+VLOOKUP(W21,Week15,2,FALSE))+0.05)*100) -> 80 | AB21: =IF(Z21<>"",(IF(Z21=B21, C21, B21)),"") | AE21: =IF(ISBLANK(AC21),,AA21-AC21) | AF21: CAN | AG21: =IF(ISBLANK(S21),,If(X21=Z21, 1, 0))
A22: 14 | B22: BYU | C22: Coastal Carolina | D22: =IFERROR(VLOOKUP(B22,Week13,2,FALSE),0) -> 79.2 | E22: =IF(ISBLANK(B22),,IFERROR(VLOOKUP(B22,CurrentRank!$B$2:$C$132,2,FALSE),0)) -> 69.33 | F22: =IFERROR(VLOOKUP(B22,Week13,3,FALSE),130) -> 8 | G22: =IF(ISBLANK(B22),,IFERROR(VLOOKUP(B22,CurrentRank!$B$2:$D$132,3,FALSE),130)) -> 15 | H22: =IFERROR(VLOOKUP(C22,Week13,2,FALSE),0) -> 77.29 | I22: =IF(ISBLANK(B22),,IFERROR(VLOOKUP(C22,CurrentRank!$B$2:$C$132,2,FALSE),0)) -> 69.98 | J22: =IFERROR(VLOOKUP(C22,Week13,3,FALSE),130) -> 9 | K22: =IF(ISBLANK(C22),,IFERROR(VLOOKUP(C22,CurrentRank!$B$2:$D$132,3,FALSE),130)) -> 13 | L22: =IF(U22= "Yes", 0, IF(ISBLANK(C22),,(D22+H22)*0.015)) -> 2.34735 | M22: =IF(U22= "Yes", 0, IF(ISBLANK(D22),,(E22+I22)*0.015)) -> 2.08965 | N22: =IF(ISBLANK(C22),,(F22+J22)/2) -> 8.5 | O22: =IF(H22=0,,(D22-(H22+L22))/2) -> -0.218675 | P22: =IF(ISBLANK(C22),,(E22-(I22+L22))/2) -> -1.498675 | Q22: =IF(ISBLANK(O22),,1-((ABS(O22/2)+N22/2)/100)) -> 0.95640662 | R22: =IF(ISBLANK(Q22),,IF(Q22>=0.975,"A+",IF(Q22>=0.925,"A",IF(Q22>=0.895,"A-",IF(Q22>=0.865,"B+",IF(Q22>=0.825,"B",IF(Q22>=0.795,"B-",IF(Q22>=0.765,"C+",IF(Q22>=0.725,"C",IF(Q22>=0.695,"C-",IF(Q22>=0.665,"D+",IF(Q22>=0.625,"D",IF(Q22>=0.595,"D-",IF(Q22<0.6,"F")))))))))))))) -> A | S22: =IF(IF(H22=0,,IF(ISBLANK(AC22),,1-(((AE22/2+N22/2)-(AD22*2))/100)))>1, 1, IF(H22=0,,IF(ISBLANK(AC22),,1-(((AE22/2+N22/2)-(AD22*2))/100)))) -> 0.9275 | T22: =IF(ISBLANK(S22),,IF(S22>=0.975,"A+",IF(S22>=0.925,"A",IF(S22>=0.895,"A-",IF(S22>=0.865,"B+",IF(S22>=0.825,"B",IF(S22>=0.795,"B-",IF(S22>=0.765,"C+",IF(S22>=0.725,"C",IF(S22>=0.695,"C-",IF(S22>=0.665,"D+",IF(S22>=0.625,"D",IF(S22>=0.595,"D-",IF(S22<0.6,"F")))))))))))))) -> A | U22: No | V22: =IF(ISBLANK(C22),,IFERROR(IF(VLOOKUP(B22,Standings!$A:$F, 6, 0)=VLOOKUP(C22,Standings!$A:$F, 6, 0), VLOOKUP(B22,Standings!$A:$F, 6, 0), "Non-con"), "FCS")) -> Non-con | W22: =IF(ISBLANK(O22),,IF(O22>0,C22,B22)) -> BYU | X22: =IF(ISBLANK(O22),,IF(O22<0,C22,B22)) -> Coastal Carolina | Y22: =IF(D22=0,,IF(ISBLANK(Q22),,VLOOKUP(X22,Week13,2,FALSE)/(VLOOKUP(X22,Week13,2,FALSE)+VLOOKUP(W22,Week13,2,FALSE))+0.05)*100) -> 54.389737 | Z22: Coastal Carolina | AA22: 22 | AB22: =IF(Z22<>"",(IF(Z22=B22, C22, B22)),"") -> BYU | AC22: 16 | AE22: =IF(ISBLANK(AC22),,AA22-AC22) -> 6 | AJ22: Texas Tech
A23: 10 | B23: Kansas | C23: Oklahoma | D23: =IFERROR(VLOOKUP(B23,Week9,2,FALSE),0) -> 20.73 | E23: =IF(ISBLANK(B23),,IFERROR(VLOOKUP(B23,CurrentRank!$B$2:$C$132,2,FALSE),0)) -> 21.55 | F23: =IFERROR(VLOOKUP(B23,Week9,3,FALSE),130) -> 128 | G23: =IF(ISBLANK(B23),,IFERROR(VLOOKUP(B23,CurrentRank!$B$2:$D$132,3,FALSE),130)) -> 127 | H23: =IFERROR(VLOOKUP(C23,Week9,2,FALSE),0) -> 60.84 | I23: =IF(ISBLANK(B23),,IFERROR(VLOOKUP(C23,CurrentRank!$B$2:$C$132,2,FALSE),0)) -> 81.57 | J23: =IFERROR(VLOOKUP(C23,Week9,3,FALSE),130) -> 18 | K23: =IF(ISBLANK(C23),,IFERROR(VLOOKUP(C23,CurrentRank!$B$2:$D$132,3,FALSE),130)) -> 5 | L23: =IF(U23= "Yes", 0, IF(ISBLANK(C23),,(D23+H23)*0.015)) -> 1.22355 | M23: =IF(U23= "Yes", 0, IF(ISBLANK(D23),,(E23+I23)*0.015)) -> 1.5468 | N23: =IF(ISBLANK(C23),,(F23+J23)/2) -> 73 | O23: =IF(H23=0,,(D23-(H23+L23))/2) -> -20.666775 | P23: =IF(ISBLANK(C23),,(E23-(I23+L23))/2) -> -30.621775 | Q23: =IF(ISBLANK(O23),,1-((ABS(O23/2)+N23/2)/100)) -> 0.53166612 | R23: =IF(ISBLANK(Q23),,IF(Q23>=0.975,"A+",IF(Q23>=0.925,"A",IF(Q23>=0.895,"A-",IF(Q23>=0.865,"B+",IF(Q23>=0.825,"B",IF(Q23>=0.795,"B-",IF(Q23>=0.765,"C+",IF(Q23>=0.725,"C",IF(Q23>=0.695,"C-",IF(Q23>=0.665,"D+",IF(Q23>=0.625,"D",IF(Q23>=0.595,"D-",IF(Q23<0.6,"F")))))))))))))) -> F | S23: =IF(IF(H23=0,,IF(ISBLANK(AC23),,1-(((AE23/2+N23/2)-(AD23*2))/100)))>1, 1, IF(H23=0,,IF(ISBLANK(AC23),,1-(((AE23/2+N23/2)-(AD23*2))/100)))) -> 0.37 | T23: =IF(ISBLANK(S23),,IF(S23>=0.975,"A+",IF(S23>=0.925,"A",IF(S23>=0.895,"A-",IF(S23>=0.865,"B+",IF(S23>=0.825,"B",IF(S23>=0.795,"B-",IF(S23>=0.765,"C+",IF(S23>=0.725,"C",IF(S23>=0.695,"C-",IF(S23>=0.665,"D+",IF(S23>=0.625,"D",IF(S23>=0.595,"D-",IF(S23<0.6,"F")))))))))))))) -> F | U23: No | V23: =IF(ISBLANK(C23),,IFERROR(IF(VLOOKUP(B23,Standings!$A:$F, 6, 0)=VLOOKUP(C23,Standings!$A:$F, 6, 0), VLOOKUP(B23,Standings!$A:$F, 6, 0), "Non-con"), "FCS")) -> BIG12 | W23: =IF(ISBLANK(O23),,IF(O23>0,C23,B23)) -> Kansas | X23: =IF(ISBLANK(O23),,IF(O23<0,C23,B23)) -> Oklahoma | Y23: =IF(D23=0,,IF(ISBLANK(Q23),,VLOOKUP(X23,Week9,2,FALSE)/(VLOOKUP(X23,Week9,2,FALSE)+VLOOKUP(W23,Week9,2,FALSE))+0.05)*100) -> 79.586245 | Z23: Oklahoma | AA23: 62 | AB23: =IF(Z23<>"",(IF(Z23=B23, C23, B23)),"") -> Kansas | AC23: 9 | AE23: =IF(ISBLANK(AC23),,AA23-AC23) -> 53 | AG23: =IF(ISBLANK(S23),,If(X23=Z23, 1, 0)) -> 1
A24: 11 | B24: Alabama | C24: LSU | D24: =IFERROR(VLOOKUP(B24,CurrentRank!$B$2:$C$132,2,FALSE),0) -> 96.59 | E24: =IF(ISBLANK(B24),,IFERROR(VLOOKUP(B24,CurrentRank!$B$2:$C$132,2,FALSE),0)) -> 96.59 | F24: =IFERROR(VLOOKUP(B24,Week10,3,FALSE),130) -> 1 | G24: =IF(ISBLANK(B24),,IFERROR(VLOOKUP(B24,CurrentRank!$B$2:$D$132,3,FALSE),130)) -> 1 | H24: =IFERROR(VLOOKUP(C24,CurrentRank!$B$2:$C$132,2,FALSE),0) -> 37.27 | I24: =IF(ISBLANK(B24),,IFERROR(VLOOKUP(C24,CurrentRank!$B$2:$C$132,2,FALSE),0)) -> 37.27 | J24: =IFERROR(VLOOKUP(C24,Week10,3,FALSE),130) -> 80 | K24: =IF(ISBLANK(C24),,IFERROR(VLOOKUP(C24,CurrentRank!$B$2:$D$132,3,FALSE),130)) -> 45 | L24: =IF(ISBLANK(C24),,(D24+H24)*0.015) -> 2.0079 | M24: =IF(ISBLANK(D24),,(E24+I24)*0.015) -> 2.0079 | N24: =IF(ISBLANK(C24),,(F24+J24)/2) -> 40.5 | O24: =IF(H24=0,,(D24-(H24+L24))/2) -> 28.65605 | P24: =IF(ISBLANK(C24),,(E24-(I24+L24))/2) -> 28.65605 | Q24: =IF(ISBLANK(O24),,1-((ABS(O24/2)+N24/2)/100)) -> 0.65421975 | R24: =IF(ISBLANK(Q24),,IF(Q24>=0.975,"A+",IF(Q24>=0.925,"A",IF(Q24>=0.895,"A-",IF(Q24>=0.865,"B+",IF(Q24>=0.825,"B",IF(Q24>=0.795,"B-",IF(Q24>=0.765,"C+",IF(Q24>=0.725,"C",IF(Q24>=0.695,"C-",IF(Q24>=0.665,"D+",IF(Q24>=0.625,"D",IF(Q24>=0.595,"D-",IF(Q24<0.6,"F")))))))))))))) -> D | S24: =IF(IF(H24=0,,IF(ISBLANK(AC24),,1-(((AE24/2+N24/2)-(AD24*2))/100)))>1, 1, IF(H24=0,,IF(ISBLANK(AC24),,1-(((AE24/2+N24/2)-(AD24*2))/100)))) | T24: =IF(ISBLANK(S24),,IF(S24>=0.975,"A+",IF(S24>=0.925,"A",IF(S24>=0.895,"A-",IF(S24>=0.865,"B+",IF(S24>=0.825,"B",IF(S24>=0.795,"B-",IF(S24>=0.765,"C+",IF(S24>=0.725,"C",IF(S24>=0.695,"C-",IF(S24>=0.665,"D+",IF(S24>=0.625,"D",IF(S24>=0.595,"D-",IF(S24<0.6,"F")))))))))))))) | U24: No | V24: =IFERROR(IF(VLOOKUP(B24,Standings!$A:$F, 6, 0)=VLOOKUP(C24,Standings!$A:$F, 6, 0), VLOOKUP(B24,Standings!$A:$F, 6, 0), "Non-con"), "FCS") -> SEC | W24: =IF(ISBLANK(O24),,IF(O24>0,C24,B24)) -> LSU | X24: =IF(ISBLANK(O24),,IF(O24<0,C24,B24)) -> Alabama | Y24: =IF(D24=0,,IF(ISBLANK(Q24),,VLOOKUP(X24,Week10,2,FALSE)/(VLOOKUP(X24,Week10,2,FALSE)+VLOOKUP(W24,Week10,2,FALSE))+0.05)*100) -> 79.312871 | AB24: =IF(Z24<>"",(IF(Z24=B24, C24, B24)),"") | AE24: =IF(ISBLANK(AC24),,AA24-AC24) | AF24: PPD | AG24: =IF(ISBLANK(S24),,If(X24=Z24, 1, 0))
A25: 14 | B25: Vanderbilt | C25: Georgia | D25: =IFERROR(VLOOKUP(B25,Week13,2,FALSE),0) -> 24.94 | E25: =IF(ISBLANK(B25),,IFERROR(VLOOKUP(B25,CurrentRank!$B$2:$C$132,2,FALSE),0)) -> 25.47 | F25: =IFERROR(VLOOKUP(B25,Week13,3,FALSE),130) -> 125 | G25: =IF(ISBLANK(B25),,IFERROR(VLOOKUP(B25,CurrentRank!$B$2:$D$132,3,FALSE),130)) -> 125 | H25: =IFERROR(VLOOKUP(C25,Week13,2,FALSE),0) -> 72.09 | I25: =IF(ISBLANK(B25),,IFERROR(VLOOKUP(C25,CurrentRank!$B$2:$C$132,2,FALSE),0)) -> 79.21 | J25: =IFERROR(VLOOKUP(C25,Week13,3,FALSE),130) -> 13 | K25: =IF(ISBLANK(C25),,IFERROR(VLOOKUP(C25,CurrentRank!$B$2:$D$132,3,FALSE),130)) -> 6 | L25: =IF(ISBLANK(C25),,(D25+H25)*0.015) -> 1.45545 | M25: =IF(ISBLANK(D25),,(E25+I25)*0.015) -> 1.5702 | N25: =IF(ISBLANK(C25),,(F25+J25)/2) -> 69 | O25: =IF(H25=0,,(D25-(H25+L25))/2) -> -24.302725 | P25: =IF(ISBLANK(C25),,(E25-(I25+L25))/2) -> -27.597725 | Q25: =IF(ISBLANK(O25),,1-((ABS(O25/2)+N25/2)/100)) -> 0.53348637 | R25: =IF(ISBLANK(Q25),,IF(Q25>=0.975,"A+",IF(Q25>=0.925,"A",IF(Q25>=0.895,"A-",IF(Q25>=0.865,"B+",IF(Q25>=0.825,"B",IF(Q25>=0.795,"B-",IF(Q25>=0.765,"C+",IF(Q25>=0.725,"C",IF(Q25>=0.695,"C-",IF(Q25>=0.665,"D+",IF(Q25>=0.625,"D",IF(Q25>=0.595,"D-",IF(Q25<0.6,"F")))))))))))))) -> F | S25: =IF(IF(H25=0,,IF(ISBLANK(AC25),,1-(((AE25/2+N25/2)-(AD25*2))/100)))>1, 1, IF(H25=0,,IF(ISBLANK(AC25),,1-(((AE25/2+N25/2)-(AD25*2))/100)))) | T25: =IF(ISBLANK(S25),,IF(S25>=0.975,"A+",IF(S25>=0.925,"A",IF(S25>=0.895,"A-",IF(S25>=0.865,"B+",IF(S25>=0.825,"B",IF(S25>=0.795,"B-",IF(S25>=0.765,"C+",IF(S25>=0.725,"C",IF(S25>=0.695,"C-",IF(S25>=0.665,"D+",IF(S25>=0.625,"D",IF(S25>=0.595,"D-",IF(S25<0.6,"F")))))))))))))) | U25: No | V25: =IF(ISBLANK(C25),,IFERROR(IF(VLOOKUP(B25,Standings!$A:$F, 6, 0)=VLOOKUP(C25,Standings!$A:$F, 6, 0), VLOOKUP(B25,Standings!$A:$F, 6, 0), "Non-con"), "FCS")) -> SEC | W25: =IF(ISBLANK(O25),,IF(O25>0,C25,B25)) -> Vanderbilt | X25: =IF(ISBLANK(O25),,IF(O25<0,C25,B25)) -> Georgia | Y25: =IF(D25=0,,IF(ISBLANK(Q25),,VLOOKUP(X25,Week13,2,FALSE)/(VLOOKUP(X25,Week13,2,FALSE)+VLOOKUP(W25,Week13,2,FALSE))+0.05)*100) -> 79.296609 | AB25: =IF(Z25<>"",(IF(Z25=B25, C25, B25)),"") | AE25: =IF(ISBLANK(AC25),,AA25-AC25) | AF25: PPD | AG25: =IF(ISBLANK(S25),,If(X25=Z25, 1, 0))
A26: 12 | B26: Charlotte | C26: Marshall | D26: =IFERROR(VLOOKUP(B26,CurrentRank!$B$2:$C$132,2,FALSE),0) -> 22.5 | E26: =IF(ISBLANK(B26),,IFERROR(VLOOKUP(B26,CurrentRank!$B$2:$C$132,2,FALSE),0)) -> 22.5 | F26: =IFERROR(VLOOKUP(B26,CurrentRank!$B$2:$D$132,3,FALSE),130) -> 126 | G26: =IF(ISBLANK(B26),,IFERROR(VLOOKUP(B26,CurrentRank!$B$2:$D$132,3,FALSE),130)) -> 126 | H26: =IFERROR(VLOOKUP(C26,CurrentRank!$B$2:$C$132,2,FALSE),0) -> 33.45 | I26: =IF(ISBLANK(B26),,IFERROR(VLOOKUP(C26,CurrentRank!$B$2:$C$132,2,FALSE),0)) -> 33.45 | J26: =IFERROR(VLOOKUP(C26,Week11,3,FALSE),130) -> 14 | K26: =IFERROR(VLOOKUP(C26,CurrentRank!$B$2:$D$132,3,FALSE),130) -> 81 | L26: =IF(ISBLANK(C26),,(D26+H26)*0.015) -> 0.83925 | M26: =IF(ISBLANK(D26),,(E26+I26)*0.015) -> 0.83925 | N26: =(F26+K26)/2 -> 103.5 | O26: =IF(H26=0,,(D26-(H26+L26))/2) -> -5.894625 | P26: =(D26-(H26+L26))/2 -> -5.894625 | Q26: =IF(ISBLANK(O26),,1-((ABS(O26/2)+N26/2)/100)) -> 0.45302687 | R26: =IF(ISBLANK(Q26),,IF(Q26>=0.975,"A+",IF(Q26>=0.925,"A",IF(Q26>=0.895,"A-",IF(Q26>=0.865,"B+",IF(Q26>=0.825,"B",IF(Q26>=0.795,"B-",IF(Q26>=0.765,"C+",IF(Q26>=0.725,"C",IF(Q26>=0.695,"C-",IF(Q26>=0.665,"D+",IF(Q26>=0.625,"D",IF(Q26>=0.595,"D-",IF(Q26<0.6,"F")))))))))))))) -> F | S26: =IF(IF(H26=0,,IF(ISBLANK(AC26),,1-(((AE26/2+N26/2)-(AD26*2))/100)))>1, 1, IF(H26=0,,IF(ISBLANK(AC26),,1-(((AE26/2+N26/2)-(AD26*2))/100)))) | T26: =IF(ISBLANK(S26),,IF(S26>=0.975,"A+",IF(S26>=0.925,"A",IF(S26>=0.895,"A-",IF(S26>=0.865,"B+",IF(S26>=0.825,"B",IF(S26>=0.795,"B-",IF(S26>=0.765,"C+",IF(S26>=0.725,"C",IF(S26>=0.695,"C-",IF(S26>=0.665,"D+",IF(S26>=0.625,"D",IF(S26>=0.595,"D-",IF(S26<0.6,"F")))))))))))))) | U26: No | V26: =IFERROR(IF(VLOOKUP(B26,Standings!$A:$F, 6, 0)=VLOOKUP(C26,Standings!$A:$F, 6, 0), VLOOKUP(B26,Standings!$A:$F, 6, 0), "Non-con"), "FCS") -> CUSA | W26: =IF(ISBLANK(O26),,IF(O26>0,C26,B26)) -> Charlotte | X26: =IF(ISBLANK(O26),,IF(O26<0,C26,B26)) -> Marshall | Y26: =IF(D26=0,,IF(ISBLANK(Q26),,VLOOKUP(X26,Week11,2,FALSE)/(VLOOKUP(X26,Week11,2,FALSE)+VLOOKUP(W26,Week11,2,FALSE))+0.05)*100) -> 79.177108 | AB26: =IF(Z26<>"",(IF(Z26=B26, C26, B26)),"") | AE26: =IF(ISBLANK(AC26),,AA26-AC26) | AF26: PPD | AG26: =IF(ISBLANK(S26),,If(X26=Z26, 1, 0))
A27: 6 | B27: Florida | C27: Texas A&M | D27: =IFERROR(VLOOKUP(B27,Week5,2,FALSE),0) -> 85.72 | E27: =IF(ISBLANK(B27),,IFERROR(VLOOKUP(B27,CurrentRank!$B$2:$C$132,2,FALSE),0)) -> 68.03 | F27: =IFERROR(VLOOKUP(B27,Week5,3,FALSE),130) -> 4 | G27: =IF(ISBLANK(B27),,IFERROR(VLOOKUP(B27,CurrentRank!$B$2:$D$132,3,FALSE),130)) -> 16 | H27: =IFERROR(VLOOKUP(C27,Week5,2,FALSE),0) -> 55.71 | I27: =IF(ISBLANK(B27),,IFERROR(VLOOKUP(C27,CurrentRank!$B$2:$C$132,2,FALSE),0)) -> 85.31 | J27: =IFERROR(VLOOKUP(C27,Week5,3,FALSE),130) -> 20 | K27: =IF(ISBLANK(C27),,IFERROR(VLOOKUP(C27,CurrentRank!$B$2:$D$132,3,FALSE),130)) -> 3 | L27: =IF(U27= "Yes", 0, IF(ISBLANK(C27),,(D27+H27)*0.015)) -> 2.12145 | M27: =IF(U27= "Yes", 0, IF(ISBLANK(D27),,(E27+I27)*0.015)) -> 2.3001 | N27: =IF(ISBLANK(C27),,(F27+J27)/2) -> 12 | O27: =IF(H27=0,,(D27-(H27+L27))/2) -> 13.944275 | P27: =IF(ISBLANK(C27),,(E27-(I27+L27))/2) -> -9.700725 | Q27: =IF(ISBLANK(O27),,1-((ABS(O27/2)+N27/2)/100)) -> 0.87027862 | R27: =IF(ISBLANK(Q27),,IF(Q27>=0.975,"A+",IF(Q27>=0.925,"A",IF(Q27>=0.895,"A-",IF(Q27>=0.865,"B+",IF(Q27>=0.825,"B",IF(Q27>=0.795,"B-",IF(Q27>=0.765,"C+",IF(Q27>=0.725,"C",IF(Q27>=0.695,"C-",IF(Q27>=0.665,"D+",IF(Q27>=0.625,"D",IF(Q27>=0.595,"D-",IF(Q27<0.6,"F")))))))))))))) -> B+ | S27: =IF(IF(H27=0,,IF(ISBLANK(AC27),,1-(((AE27/2+N27/2)-(AD27*2))/100)))>1, 1, IF(H27=0,,IF(ISBLANK(AC27),,1-(((AE27/2+N27/2)-(AD27*2))/100)))) -> 0.925 | T27: =IF(ISBLANK(S27),,IF(S27>=0.975,"A+",IF(S27>=0.925,"A",IF(S27>=0.895,"A-",IF(S27>=0.865,"B+",IF(S27>=0.825,"B",IF(S27>=0.795,"B-",IF(S27>=0.765,"C+",IF(S27>=0.725,"C",IF(S27>=0.695,"C-",IF(S27>=0.665,"D+",IF(S27>=0.625,"D",IF(S27>=0.595,"D-",IF(S27<0.6,"F")))))))))))))) -> A | U27: No | V27: =IF(ISBLANK(C27),,IFERROR(IF(VLOOKUP(B27,Standings!$A:$F, 6, 0)=VLOOKUP(C27,Standings!$A:$F, 6, 0), VLOOKUP(B27,Standings!$A:$F, 6, 0), "Non-con"), "FCS")) -> SEC | W27: =IF(ISBLANK(O27),,IF(O27>0,C27,B27)) -> Texas A&M | X27: =IF(ISBLANK(O27),,IF(O27<0,C27,B27)) -> Florida | Y27: =IF(D27=0,,IF(ISBLANK(Q27),,VLOOKUP(X27,Week5,2,FALSE)/(VLOOKUP(X27,Week5,2,FALSE)+VLOOKUP(W27,Week5,2,FALSE))+0.05)*100) -> 65.609489 | Z27: Texas A&M | AA27: 41 | AB27: =IF(Z27<>"",(IF(Z27=B27, C27, B27)),"") -> Florida | AC27: 38 | AE27: =IF(ISBLANK(AC27),,AA27-AC27) -> 3 | AG27: =IF(ISBLANK(S27),,If(X27=Z27, 1, 0)) -> 0 | AJ27: Ohio State
A28: 2 | B28: UL-Monroe | C28: Army | D28: =IFERROR(VLOOKUP(B28,Week1,2,FALSE),0) -> 6.67 | E28: =IF(ISBLANK(B28),,IFERROR(VLOOKUP(B28,CurrentRank!$B$2:$C$132,2,FALSE),0)) -> 25.95 | F28: =IFERROR(VLOOKUP(B28,Week1,3,FALSE),130) -> 35 | G28: =IF(ISBLANK(B28),,IFERROR(VLOOKUP(B28,CurrentRank!$B$2:$D$132,3,FALSE),130)) -> 124 | H28: =IFERROR(VLOOKUP(C28,Week1,2,FALSE),0) -> 19.13 | I28: =IF(ISBLANK(B28),,IFERROR(VLOOKUP(C28,CurrentRank!$B$2:$C$132,2,FALSE),0)) -> 33.11 | J28: =IFERROR(VLOOKUP(C28,Week1,3,FALSE),130) -> 27 | K28: =IF(ISBLANK(C28),,IFERROR(VLOOKUP(C28,CurrentRank!$B$2:$D$132,3,FALSE),130)) -> 85 | L28: =IF(U28= "Yes", 0, IF(ISBLANK(C28),,(D28+H28)*0.015)) -> 0.387 | M28: =IF(U28= "Yes", 0, IF(ISBLANK(D28),,(E28+I28)*0.015)) -> 0.8859 | N28: =IF(ISBLANK(C28),,(F28+J28)/2) -> 31 | O28: =IF(H28=0,,(D28-(H28+L28))/2) -> -6.4235 | P28: =IF(ISBLANK(C28),,(E28-(I28+L28))/2) -> -3.7735 | Q28: =IF(ISBLANK(O28),,1-((ABS(O28/2)+N28/2)/100)) -> 0.8128825 | R28: =IF(ISBLANK(Q28),,IF(Q28>=0.975,"A+",IF(Q28>=0.925,"A",IF(Q28>=0.895,"A-",IF(Q28>=0.865,"B+",IF(Q28>=0.825,"B",IF(Q28>=0.795,"B-",IF(Q28>=0.765,"C+",IF(Q28>=0.725,"C",IF(Q28>=0.695,"C-",IF(Q28>=0.665,"D+",IF(Q28>=0.625,"D",IF(Q28>=0.595,"D-",IF(Q28<0.6,"F")))))))))))))) -> B- | S28: =IF(IF(H28=0,,IF(ISBLANK(AC28),,1-(((AE28/2+N28/2)-(AD28*2))/100)))>1, 1, IF(H28=0,,IF(ISBLANK(AC28),,1-(((AE28/2+N28/2)-(AD28*2))/100)))) -> 0.695 | T28: =IF(ISBLANK(S28),,IF(S28>=0.975,"A+",IF(S28>=0.925,"A",IF(S28>=0.895,"A-",IF(S28>=0.865,"B+",IF(S28>=0.825,"B",IF(S28>=0.795,"B-",IF(S28>=0.765,"C+",IF(S28>=0.725,"C",IF(S28>=0.695,"C-",IF(S28>=0.665,"D+",IF(S28>=0.625,"D",IF(S28>=0.595,"D-",IF(S28<0.6,"F")))))))))))))) -> C- | U28: No | V28: =IF(ISBLANK(C28),,IFERROR(IF(VLOOKUP(B28,Standings!$A:$F, 6, 0)=VLOOKUP(C28,Standings!$A:$F, 6, 0), VLOOKUP(B28,Standings!$A:$F, 6, 0), "Non-con"), "FCS")) -> Non-con | W28: =IF(ISBLANK(O28),,IF(O28>0,C28,B28)) -> UL-Monroe | X28: =IF(ISBLANK(O28),,IF(O28<0,C28,B28)) -> Army | Y28: =IF(D28=0,,IF(ISBLANK(Q28),,VLOOKUP(X28,Week1,2,FALSE)/(VLOOKUP(X28,Week1,2,FALSE)+VLOOKUP(W28,Week1,2,FALSE))+0.05)*100) -> 79.147287 | Z28: Army | AA28: 37 | AB28: =IF(Z28<>"",(IF(Z28=B28, C28, B28)),"") -> UL-Monroe | AC28: 7 | AE28: =IF(ISBLANK(AC28),,AA28-AC28) -> 30 | AG28: =IF(ISBLANK(S28),,If(X28=Z28, 1, 0)) -> 1
A29: 12 | B29: Texas | C29: Kansas | D29: =IFERROR(VLOOKUP(B29,CurrentRank!$B$2:$C$132,2,FALSE),0) -> 62.29 | E29: =IF(ISBLANK(B29),,IFERROR(VLOOKUP(B29,CurrentRank!$B$2:$C$132,2,FALSE),0)) -> 62.29 | F29: =IFERROR(VLOOKUP(B29,CurrentRank!$B$2:$D$132,3,FALSE),130) -> 20 | G29: =IF(ISBLANK(B29),,IFERROR(VLOOKUP(B29,CurrentRank!$B$2:$D$132,3,FALSE),130)) -> 20 | H29: =IFERROR(VLOOKUP(C29,CurrentRank!$B$2:$C$132,2,FALSE),0) -> 21.55 | I29: =IF(ISBLANK(B29),,IFERROR(VLOOKUP(C29,CurrentRank!$B$2:$C$132,2,FALSE),0)) -> 21.55 | J29: =IFERROR(VLOOKUP(C29,Week11,3,FALSE),130) -> 128 | K29: =IFERROR(VLOOKUP(C29,CurrentRank!$B$2:$D$132,3,FALSE),130) -> 127 | L29: =IF(ISBLANK(C29),,(D29+H29)*0.015) -> 1.2576 | M29: =IF(ISBLANK(D29),,(E29+I29)*0.015) -> 1.2576 | N29: =(F29+K29)/2 -> 73.5 | O29: =IF(H29=0,,(D29-(H29+L29))/2) -> 19.7412 | P29: =(D29-(H29+L29))/2 -> 19.7412 | Q29: =IF(ISBLANK(O29),,1-((ABS(O29/2)+N29/2)/100)) -> 0.533794 | R29: =IF(ISBLANK(Q29),,IF(Q29>=0.975,"A+",IF(Q29>=0.925,"A",IF(Q29>=0.895,"A-",IF(Q29>=0.865,"B+",IF(Q29>=0.825,"B",IF(Q29>=0.795,"B-",IF(Q29>=0.765,"C+",IF(Q29>=0.725,"C",IF(Q29>=0.695,"C-",IF(Q29>=0.665,"D+",IF(Q29>=0.625,"D",IF(Q29>=0.595,"D-",IF(Q29<0.6,"F")))))))))))))) -> F | S29: =IF(IF(H29=0,,IF(ISBLANK(AC29),,1-(((AE29/2+N29/2)-(AD29*2))/100)))>1, 1, IF(H29=0,,IF(ISBLANK(AC29),,1-(((AE29/2+N29/2)-(AD29*2))/100)))) | T29: =IF(ISBLANK(S29),,IF(S29>=0.975,"A+",IF(S29>=0.925,"A",IF(S29>=0.895,"A-",IF(S29>=0.865,"B+",IF(S29>=0.825,"B",IF(S29>=0.795,"B-",IF(S29>=0.765,"C+",IF(S29>=0.725,"C",IF(S29>=0.695,"C-",IF(S29>=0.665,"D+",IF(S29>=0.625,"D",IF(S29>=0.595,"D-",IF(S29<0.6,"F")))))))))))))) | U29: No | V29: =IFERROR(IF(VLOOKUP(B29,Standings!$A:$F, 6, 0)=VLOOKUP(C29,Standings!$A:$F, 6, 0), VLOOKUP(B29,Standings!$A:$F, 6, 0), "Non-con"), "FCS") -> BIG12 | W29: =IF(ISBLANK(O29),,IF(O29>0,C29,B29)) -> Kansas | X29: =IF(ISBLANK(O29),,IF(O29<0,C29,B29)) -> Texas | Y29: =IF(D29=0,,IF(ISBLANK(Q29),,VLOOKUP(X29,Week11,2,FALSE)/(VLOOKUP(X29,Week11,2,FALSE)+VLOOKUP(W29,Week11,2,FALSE))+0.05)*100) -> 79.11718 | AB29: =IF(Z29<>"",(IF(Z29=B29, C29, B29)),"") | AE29: =IF(ISBLANK(AC29),,AA29-AC29) | AF29: PPD | AG29: =IF(ISBLANK(S29),,If(X29=Z29, 1, 0))
A30: 8 | B30: Kansas | C30: Kansas State | D30: =IFERROR(VLOOKUP(B30,Week7,2,FALSE),0) -> 22.78 | E30: =IF(ISBLANK(B30),,IFERROR(VLOOKUP(B30,CurrentRank!$B$2:$C$132,2,FALSE),0)) -> 21.55 | F30: =IFERROR(VLOOKUP(B30,Week7,3,FALSE),130) -> 128 | G30: =IF(ISBLANK(B30),,IFERROR(VLOOKUP(B30,CurrentRank!$B$2:$D$132,3,FALSE),130)) -> 127 | H30: =IFERROR(VLOOKUP(C30,Week7,2,FALSE),0) -> 64.83 | I30: =IF(ISBLANK(B30),,IFERROR(VLOOKUP(C30,CurrentRank!$B$2:$C$132,2,FALSE),0)) -> 31.6 | J30: =IFERROR(VLOOKUP(C30,Week7,3,FALSE),130) -> 17 | K30: =IF(ISBLANK(C30),,IFERROR(VLOOKUP(C30,CurrentRank!$B$2:$D$132,3,FALSE),130)) -> 96 | L30: =IF(U30= "Yes", 0, IF(ISBLANK(C30),,(D30+H30)*0.015)) -> 1.31415 | M30: =IF(U30= "Yes", 0, IF(ISBLANK(D30),,(E30+I30)*0.015)) -> 0.79725 | N30: =IF(ISBLANK(C30),,(F30+J30)/2) -> 72.5 | O30: =IF(H30=0,,(D30-(H30+L30))/2) -> -21.682075 | P30: =IF(ISBLANK(C30),,(E30-(I30+L30))/2) -> -5.682075 | Q30: =IF(ISBLANK(O30),,1-((ABS(O30/2)+N30/2)/100)) -> 0.52908963 | R30: =IF(ISBLANK(Q30),,IF(Q30>=0.975,"A+",IF(Q30>=0.925,"A",IF(Q30>=0.895,"A-",IF(Q30>=0.865,"B+",IF(Q30>=0.825,"B",IF(Q30>=0.795,"B-",IF(Q30>=0.765,"C+",IF(Q30>=0.725,"C",IF(Q30>=0.695,"C-",IF(Q30>=0.665,"D+",IF(Q30>=0.625,"D",IF(Q30>=0.595,"D-",IF(Q30<0.6,"F")))))))))))))) -> F | S30: =IF(IF(H30=0,,IF(ISBLANK(AC30),,1-(((AE30/2+N30/2)-(AD30*2))/100)))>1, 1, IF(H30=0,,IF(ISBLANK(AC30),,1-(((AE30/2+N30/2)-(AD30*2))/100)))) -> 0.4325 | T30: =IF(ISBLANK(S30),,IF(S30>=0.975,"A+",IF(S30>=0.925,"A",IF(S30>=0.895,"A-",IF(S30>=0.865,"B+",IF(S30>=0.825,"B",IF(S30>=0.795,"B-",IF(S30>=0.765,"C+",IF(S30>=0.725,"C",IF(S30>=0.695,"C-",IF(S30>=0.665,"D+",IF(S30>=0.625,"D",IF(S30>=0.595,"D-",IF(S30<0.6,"F")))))))))))))) -> F | U30: No | V30: =IF(ISBLANK(C30),,IFERROR(IF(VLOOKUP(B30,Standings!$A:$F, 6, 0)=VLOOKUP(C30,Standings!$A:$F, 6, 0), VLOOKUP(B30,Standings!$A:$F, 6, 0), "Non-con"), "FCS")) -> BIG12 | W30: =IF(ISBLANK(O30),,IF(O30>0,C30,B30)) -> Kansas | X30: =IF(ISBLANK(O30),,IF(O30<0,C30,B30)) -> Kansas State | Y30: =IF(D30=0,,IF(ISBLANK(Q30),,VLOOKUP(X30,Week7,2,FALSE)/(VLOOKUP(X30,Week7,2,FALSE)+VLOOKUP(W30,Week7,2,FALSE))+0.05)*100) -> 78.998402 | Z30: Kansas State | AA30: 55 | AB30: =IF(Z30<>"",(IF(Z30=B30, C30, B30)),"") -> Kansas | AC30: 14 | AE30: =IF(ISBLANK(AC30),,AA30-AC30) -> 41 | AG30: =IF(ISBLANK(S30),,If(X30=Z30, 1, 0)) -> 1
A31: 14 | B31: Alabama | C31: LSU | D31: =IFERROR(VLOOKUP(B31,Week13,2,FALSE),0) -> 95.16 | E31: =IF(ISBLANK(B31),,IFERROR(VLOOKUP(B31,CurrentRank!$B$2:$C$132,2,FALSE),0)) -> 96.59 | F31: =IFERROR(VLOOKUP(B31,Week13,3,FALSE),130) -> 1 | G31: =IF(ISBLANK(B31),,IFERROR(VLOOKUP(B31,CurrentRank!$B$2:$D$132,3,FALSE),130)) -> 1 | H31: =IFERROR(VLOOKUP(C31,Week13,2,FALSE),0) -> 33.97 | I31: =IF(ISBLANK(B31),,IFERROR(VLOOKUP(C31,CurrentRank!$B$2:$C$132,2,FALSE),0)) -> 37.27 | J31: =IFERROR(VLOOKUP(C31,Week13,3,FALSE),130) -> 71 | K31: =IF(ISBLANK(C31),,IFERROR(VLOOKUP(C31,CurrentRank!$B$2:$D$132,3,FALSE),130)) -> 45 | L31: =IF(U31= "Yes", 0, IF(ISBLANK(C31),,(D31+H31)*0.015)) -> 1.93695 | M31: =IF(U31= "Yes", 0, IF(ISBLANK(D31),,(E31+I31)*0.015)) -> 2.0079 | N31: =IF(ISBLANK(C31),,(F31+J31)/2) -> 36 | O31: =IF(H31=0,,(D31-(H31+L31))/2) -> 29.626525 | P31: =IF(ISBLANK(C31),,(E31-(I31+L31))/2) -> 28.691525 | Q31: =IF(ISBLANK(O31),,1-((ABS(O31/2)+N31/2)/100)) -> 0.67186738 | R31: =IF(ISBLANK(Q31),,IF(Q31>=0.975,"A+",IF(Q31>=0.925,"A",IF(Q31>=0.895,"A-",IF(Q31>=0.865,"B+",IF(Q31>=0.825,"B",IF(Q31>=0.795,"B-",IF(Q31>=0.765,"C+",IF(Q31>=0.725,"C",IF(Q31>=0.695,"C-",IF(Q31>=0.665,"D+",IF(Q31>=0.625,"D",IF(Q31>=0.595,"D-",IF(Q31<0.6,"F")))))))))))))) -> D+ | S31: =IF(IF(H31=0,,IF(ISBLANK(AC31),,1-(((AE31/2+N31/2)-(AD31*2))/100)))>1, 1, IF(H31=0,,IF(ISBLANK(AC31),,1-(((AE31/2+N31/2)-(AD31*2))/100)))) -> 0.63 | T31: =IF(ISBLANK(S31),,IF(S31>=0.975,"A+",IF(S31>=0.925,"A",IF(S31>=0.895,"A-",IF(S31>=0.865,"B+",IF(S31>=0.825,"B",IF(S31>=0.795,"B-",IF(S31>=0.765,"C+",IF(S31>=0.725,"C",IF(S31>=0.695,"C-",IF(S31>=0.665,"D+",IF(S31>=0.625,"D",IF(S31>=0.595,"D-",IF(S31<0.6,"F")))))))))))))) -> D | U31: No | V31: =IF(ISBLANK(C31),,IFERROR(IF(VLOOKUP(B31,Standings!$A:$F, 6, 0)=VLOOKUP(C31,Standings!$A:$F, 6, 0), VLOOKUP(B31,Standings!$A:$F, 6, 0), "Non-con"), "FCS")) -> SEC | W31: =IF(ISBLANK(O31),,IF(O31>0,C31,B31)) -> LSU | X31: =IF(ISBLANK(O31),,IF(O31<0,C31,B31)) -> Alabama | Y31: =IF(D31=0,,IF(ISBLANK(Q31),,VLOOKUP(X31,Week13,2,FALSE)/(VLOOKUP(X31,Week13,2,FALSE)+VLOOKUP(W31,Week13,2,FALSE))+0.05)*100) -> 78.693177 | Z31: Alabama | AA31: 55 | AB31: =IF(Z31<>"",(IF(Z31=B31, C31, B31)),"") -> LSU | AC31: 17 | AE31: =IF(ISBLANK(AC31),,AA31-AC31) -> 38 | AG31: =IF(ISBLANK(S31),,If(X31=Z31, 1, 0)) -> 1
A32: 13 | B32: Cincinnati | C32: Temple | D32: =IFERROR(VLOOKUP(B32,Week12,2,FALSE),0) -> 80.16 | E32: =IF(ISBLANK(B32),,IFERROR(VLOOKUP(B32,CurrentRank!$B$2:$C$132,2,FALSE),0)) -> 72.9 | F32: =IFERROR(VLOOKUP(B32,Week12,3,FALSE),130) -> 7 | G32: =IF(ISBLANK(B32),,IFERROR(VLOOKUP(B32,CurrentRank!$B$2:$D$132,3,FALSE),130)) -> 9 | H32: =IFERROR(VLOOKUP(C32,Week12,2,FALSE),0) -> 28.96 | I32: =IF(ISBLANK(B32),,IFERROR(VLOOKUP(C32,CurrentRank!$B$2:$C$132,2,FALSE),0)) -> 30.84 | J32: =IFERROR(VLOOKUP(C32,Week12,3,FALSE),130) -> 114 | K32: =IF(ISBLANK(C32),,IFERROR(VLOOKUP(C32,CurrentRank!$B$2:$D$132,3,FALSE),130)) -> 104 | L32: =IF(ISBLANK(C32),,(D32+H32)*0.015) -> 1.6368 | M32: =IF(ISBLANK(D32),,(E32+I32)*0.015) -> 1.5561 | N32: =IF(ISBLANK(C32),,(F32+J32)/2) -> 60.5 | O32: =IF(H32=0,,(D32-(H32+L32))/2) -> 24.7816 | P32: =IF(ISBLANK(C32),,(E32-(I32+L32))/2) -> 20.2116 | Q32: =IF(ISBLANK(O32),,1-((ABS(O32/2)+N32/2)/100)) -> 0.573592 | R32: =IF(ISBLANK(Q32),,IF(Q32>=0.975,"A+",IF(Q32>=0.925,"A",IF(Q32>=0.895,"A-",IF(Q32>=0.865,"B+",IF(Q32>=0.825,"B",IF(Q32>=0.795,"B-",IF(Q32>=0.765,"C+",IF(Q32>=0.725,"C",IF(Q32>=0.695,"C-",IF(Q32>=0.665,"D+",IF(Q32>=0.625,"D",IF(Q32>=0.595,"D-",IF(Q32<0.6,"F")))))))))))))) -> F | S32: =IF(IF(H32=0,,IF(ISBLANK(AC32),,1-(((AE32/2+N32/2)-(AD32*2))/100)))>1, 1, IF(H32=0,,IF(ISBLANK(AC32),,1-(((AE32/2+N32/2)-(AD32*2))/100)))) | T32: =IF(ISBLANK(S32),,IF(S32>=0.975,"A+",IF(S32>=0.925,"A",IF(S32>=0.895,"A-",IF(S32>=0.865,"B+",IF(S32>=0.825,"B",IF(S32>=0.795,"B-",IF(S32>=0.765,"C+",IF(S32>=0.725,"C",IF(S32>=0.695,"C-",IF(S32>=0.665,"D+",IF(S32>=0.625,"D",IF(S32>=0.595,"D-",IF(S32<0.6,"F")))))))))))))) | U32: No | V32: =IF(ISBLANK(C32),,IFERROR(IF(VLOOKUP(B32,Standings!$A:$F, 6, 0)=VLOOKUP(C32,Standings!$A:$F, 6, 0), VLOOKUP(B32,Standings!$A:$F, 6, 0), "Non-con"), "FCS")) -> AAC | W32: =IF(ISBLANK(O32),,IF(O32>0,C32,B32)) -> Temple | X32: =IF(ISBLANK(O32),,IF(O32<0,C32,B32)) -> Cincinnati | Y32: =IF(D32=0,,IF(ISBLANK(Q32),,VLOOKUP(X32,Week12,2,FALSE)/(VLOOKUP(X32,Week12,2,FALSE)+VLOOKUP(W32,Week12,2,FALSE))+0.05)*100) -> 78.460411 | AB32: =IF(Z32<>"",(IF(Z32=B32, C32, B32)),"") | AE32: =IF(ISBLANK(AC32),,AA32-AC32) | AF32: CAN | AG32: =IF(ISBLANK(S32),,If(X32=Z32, 1, 0))
A33: 5 | B33: South Carolina | C33: Florida | D33: =IFERROR(VLOOKUP(B33,Week4,2,FALSE),0) -> 29.35 | E33: =IF(ISBLANK(B33),,IFERROR(VLOOKUP(B33,CurrentRank!$B$2:$C$132,2,FALSE),0)) -> 31.11 | F33: =IFERROR(VLOOKUP(B33,Week4,3,FALSE),130) -> 115 | G33: =IF(ISBLANK(B33),,IFERROR(VLOOKUP(B33,CurrentRank!$B$2:$D$132,3,FALSE),130)) -> 100 | H33: =IFERROR(VLOOKUP(C33,Week4,2,FALSE),0) -> 80.89 | I33: =IF(ISBLANK(B33),,IFERROR(VLOOKUP(C33,CurrentRank!$B$2:$C$132,2,FALSE),0)) -> 68.03 | J33: =IFERROR(VLOOKUP(C33,Week4,3,FALSE),130) -> 5 | K33: =IF(ISBLANK(C33),,IFERROR(VLOOKUP(C33,CurrentRank!$B$2:$D$132,3,FALSE),130)) -> 16 | L33: =IF(U33= "Yes", 0, IF(ISBLANK(C33),,(D33+H33)*0.015)) -> 1.6536 | M33: =IF(U33= "Yes", 0, IF(ISBLANK(D33),,(E33+I33)*0.015)) -> 1.4871 | N33: =IF(ISBLANK(C33),,(F33+J33)/2) -> 60 | O33: =IF(H33=0,,(D33-(H33+L33))/2) -> -26.5968 | P33: =IF(ISBLANK(C33),,(E33-(I33+L33))/2) -> -19.2868 | Q33: =IF(ISBLANK(O33),,1-((ABS(O33/2)+N33/2)/100)) -> 0.567016 | R33: =IF(ISBLANK(Q33),,IF(Q33>=0.975,"A+",IF(Q33>=0.925,"A",IF(Q33>=0.895,"A-",IF(Q33>=0.865,"B+",IF(Q33>=0.825,"B",IF(Q33>=0.795,"B-",IF(Q33>=0.765,"C+",IF(Q33>=0.725,"C",IF(Q33>=0.695,"C-",IF(Q33>=0.665,"D+",IF(Q33>=0.625,"D",IF(Q33>=0.595,"D-",IF(Q33<0.6,"F")))))))))))))) -> F | S33: =IF(IF(H33=0,,IF(ISBLANK(AC33),,1-(((AE33/2+N33/2)-(AD33*2))/100)))>1, 1, IF(H33=0,,IF(ISBLANK(AC33),,1-(((AE33/2+N33/2)-(AD33*2))/100)))) -> 0.63 | T33: =IF(ISBLANK(S33),,IF(S33>=0.975,"A+",IF(S33>=0.925,"A",IF(S33>=0.895,"A-",IF(S33>=0.865,"B+",IF(S33>=0.825,"B",IF(S33>=0.795,"B-",IF(S33>=0.765,"C+",IF(S33>=0.725,"C",IF(S33>=0.695,"C-",IF(S33>=0.665,"D+",IF(S33>=0.625,"D",IF(S33>=0.595,"D-",IF(S33<0.6,"F")))))))))))))) -> D | U33: No | V33: =IF(ISBLANK(C33),,IFERROR(IF(VLOOKUP(B33,Standings!$A:$F, 6, 0)=VLOOKUP(C33,Standings!$A:$F, 6, 0), VLOOKUP(B33,Standings!$A:$F, 6, 0), "Non-con"), "FCS")) -> SEC | W33: =IF(ISBLANK(O33),,IF(O33>0,C33,B33)) -> South Carolina | X33: =IF(ISBLANK(O33),,IF(O33<0,C33,B33)) -> Florida | Y33: =IF(D33=0,,IF(ISBLANK(Q33),,VLOOKUP(X33,Week4,2,FALSE)/(VLOOKUP(X33,Week4,2,FALSE)+VLOOKUP(W33,Week4,2,FALSE))+0.05)*100) -> 78.37627 | Z33: Florida | AA33: 38 | AB33: =IF(Z33<>"",(IF(Z33=B33, C33, B33)),"") -> South Carolina | AC33: 24 | AE33: =IF(ISBLANK(AC33),,AA33-AC33) -> 14 | AG33: =IF(ISBLANK(S33),,If(X33=Z33, 1, 0)) -> 1 | AJ33: North Alabama
A34: 15 | B34: Coastal Carolina | C34: Troy | D34: =IFERROR(VLOOKUP(B34,Week14,2,FALSE),0) -> 81.29 | E34: =IF(ISBLANK(B34),,IFERROR(VLOOKUP(B34,CurrentRank!$B$2:$C$132,2,FALSE),0)) -> 69.98 | F34: =IFERROR(VLOOKUP(B34,Week14,3,FALSE),130) -> 7 | G34: =IF(ISBLANK(B34),,IFERROR(VLOOKUP(B34,CurrentRank!$B$2:$D$132,3,FALSE),130)) -> 13 | H34: =IFERROR(VLOOKUP(C34,Week14,2,FALSE),0) -> 29.59 | I34: =IF(ISBLANK(B34),,IFERROR(VLOOKUP(C34,CurrentRank!$B$2:$C$132,2,FALSE),0)) -> 29.75 | J34: =IFERROR(VLOOKUP(C34,Week14,3,FALSE),130) -> 118 | K34: =IF(ISBLANK(C34),,IFERROR(VLOOKUP(C34,CurrentRank!$B$2:$D$132,3,FALSE),130)) -> 112 | L34: =IF(U34= "Yes", 0, IF(ISBLANK(C34),,(D34+H34)*0.015)) -> 1.6632 | M34: =IF(U34= "Yes", 0, IF(ISBLANK(D34),,(E34+I34)*0.015)) -> 1.49595 | N34: =IF(ISBLANK(C34),,(F34+J34)/2) -> 62.5 | O34: =IF(H34=0,,(D34-(H34+L34))/2) -> 25.0184 | P34: =IF(ISBLANK(C34),,(E34-(I34+L34))/2) -> 19.2834 | Q34: =IF(ISBLANK(O34),,1-((ABS(O34/2)+N34/2)/100)) -> 0.562408 | R34: =IF(ISBLANK(Q34),,IF(Q34>=0.975,"A+",IF(Q34>=0.925,"A",IF(Q34>=0.895,"A-",IF(Q34>=0.865,"B+",IF(Q34>=0.825,"B",IF(Q34>=0.795,"B-",IF(Q34>=0.765,"C+",IF(Q34>=0.725,"C",IF(Q34>=0.695,"C-",IF(Q34>=0.665,"D+",IF(Q34>=0.625,"D",IF(Q34>=0.595,"D-",IF(Q34<0.6,"F")))))))))))))) -> F | S34: =IF(IF(H34=0,,IF(ISBLANK(AC34),,1-(((AE34/2+N34/2)-(AD34*2))/100)))>1, 1, IF(H34=0,,IF(ISBLANK(AC34),,1-(((AE34/2+N34/2)-(AD34*2))/100)))) -> 0.6675 | T34: =IF(ISBLANK(S34),,IF(S34>=0.975,"A+",IF(S34>=0.925,"A",IF(S34>=0.895,"A-",IF(S34>=0.865,"B+",IF(S34>=0.825,"B",IF(S34>=0.795,"B-",IF(S34>=0.765,"C+",IF(S34>=0.725,"C",IF(S34>=0.695,"C-",IF(S34>=0.665,"D+",IF(S34>=0.625,"D",IF(S34>=0.595,"D-",IF(S34<0.6,"F")))))))))))))) -> D+ | U34: No | V34: =IF(ISBLANK(C34),,IFERROR(IF(VLOOKUP(B34,Standings!$A:$F, 6, 0)=VLOOKUP(C34,Standings!$A:$F, 6, 0), VLOOKUP(B34,Standings!$A:$F, 6, 0), "Non-con"), "FCS")) -> SUN | W34: =IF(ISBLANK(O34),,IF(O34>0,C34,B34)) -> Troy | X34: =IF(ISBLANK(O34),,IF(O34<0,C34,B34)) -> Coastal Carolina | Y34: =IF(D34=0,,IF(ISBLANK(Q34),,VLOOKUP(X34,Week14,2,FALSE)/(VLOOKUP(X34,Week14,2,FALSE)+VLOOKUP(W34,Week14,2,FALSE))+0.05)*100) -> 78.313492 | Z34: Coastal Carolina | AA34: 42 | AB34: =IF(Z34<>"",(IF(Z34=B34, C34, B34)),"") -> Troy | AC34: 38 | AE34: =IF(ISBLANK(AC34),,AA34-AC34) -> 4 | AG34: =IF(ISBLANK(S34),,If(X34=Z34, 1, 0)) -> 1
A35: 9 | B35: Iowa State | C35: Kansas | D35: =IFERROR(VLOOKUP(B35,Week8,2,FALSE),0) -> 57.22 | E35: =IF(ISBLANK(B35),,IFERROR(VLOOKUP(B35,CurrentRank!$B$2:$C$132,2,FALSE),0)) -> 73.64 | F35: =IFERROR(VLOOKUP(B35,Week8,3,FALSE),130) -> 19 | G35: =IF(ISBLANK(B35),,IFERROR(VLOOKUP(B35,CurrentRank!$B$2:$D$132,3,FALSE),130)) -> 8 | H35: =IFERROR(VLOOKUP(C35,Week8,2,FALSE),0) -> 20.86 | I35: =IF(ISBLANK(B35),,IFERROR(VLOOKUP(C35,CurrentRank!$B$2:$C$132,2,FALSE),0)) -> 21.55 | J35: =IFERROR(VLOOKUP(C35,Week8,3,FALSE),130) -> 125 | K35: =IF(ISBLANK(C35),,IFERROR(VLOOKUP(C35,CurrentRank!$B$2:$D$132,3,FALSE),130)) -> 127 | L35: =IF(U35= "Yes", 0, IF(ISBLANK(C35),,(D35+H35)*0.015)) -> 1.1712 | M35: =IF(U35= "Yes", 0, IF(ISBLANK(D35),,(E35+I35)*0.015)) -> 1.42785 | N35: =IF(ISBLANK(C35),,(F35+J35)/2) -> 72 | O35: =IF(H35=0,,(D35-(H35+L35))/2) -> 17.5944 | P35: =IF(ISBLANK(C35),,(E35-(I35+L35))/2) -> 25.4594 | Q35: =IF(ISBLANK(O35),,1-((ABS(O35/2)+N35/2)/100)) -> 0.552028 | R35: =IF(ISBLANK(Q35),,IF(Q35>=0.975,"A+",IF(Q35>=0.925,"A",IF(Q35>=0.895,"A-",IF(Q35>=0.865,"B+",IF(Q35>=0.825,"B",IF(Q35>=0.795,"B-",IF(Q35>=0.765,"C+",IF(Q35>=0.725,"C",IF(Q35>=0.695,"C-",IF(Q35>=0.665,"D+",IF(Q35>=0.625,"D",IF(Q35>=0.595,"D-",IF(Q35<0.6,"F")))))))))))))) -> F | S35: =IF(IF(H35=0,,IF(ISBLANK(AC35),,1-(((AE35/2+N35/2)-(AD35*2))/100)))>1, 1, IF(H35=0,,IF(ISBLANK(AC35),,1-(((AE35/2+N35/2)-(AD35*2))/100)))) -> 0.49 | T35: =IF(ISBLANK(S35),,IF(S35>=0.975,"A+",IF(S35>=0.925,"A",IF(S35>=0.895,"A-",IF(S35>=0.865,"B+",IF(S35>=0.825,"B",IF(S35>=0.795,"B-",IF(S35>=0.765,"C+",IF(S35>=0.725,"C",IF(S35>=0.695,"C-",IF(S35>=0.665,"D+",IF(S35>=0.625,"D",IF(S35>=0.595,"D-",IF(S35<0.6,"F")))))))))))))) -> F | U35: No | V35: =IF(ISBLANK(C35),,IFERROR(IF(VLOOKUP(B35,Standings!$A:$F, 6, 0)=VLOOKUP(C35,Standings!$A:$F, 6, 0), VLOOKUP(B35,Standings!$A:$F, 6, 0), "Non-con"), "FCS")) -> BIG12 | W35: =IF(ISBLANK(O35),,IF(O35>0,C35,B35)) -> Kansas | X35: =IF(ISBLANK(O35),,IF(O35<0,C35,B35)) -> Iowa State | Y35: =IF(D35=0,,IF(ISBLANK(Q35),,VLOOKUP(X35,Week8,2,FALSE)/(VLOOKUP(X35,Week8,2,FALSE)+VLOOKUP(W35,Week8,2,FALSE))+0.05)*100) -> 78.283811 | Z35: Iowa State | AA35: 52 | AB35: =IF(Z35<>"",(IF(Z35=B35, C35, B35)),"") -> Kansas | AC35: 22 | AE35: =IF(ISBLANK(AC35),,AA35-AC35) -> 30 | AG35: =IF(ISBLANK(S35),,If(X35=Z35, 1, 0)) -> 1 | AJ35: San Jose State
A36: 12 | B36: Georgia Tech | C36: Miami | D36: =IFERROR(VLOOKUP(B36,CurrentRank!$B$2:$C$132,2,FALSE),0) -> 30.15 | E36: =IF(ISBLANK(B36),,IFERROR(VLOOKUP(B36,CurrentRank!$B$2:$C$132,2,FALSE),0)) -> 30.15 | F36: =IFERROR(VLOOKUP(B36,CurrentRank!$B$2:$D$132,3,FALSE),130) -> 109 | G36: =IF(ISBLANK(B36),,IFERROR(VLOOKUP(B36,CurrentRank!$B$2:$D$132,3,FALSE),130)) -> 109 | H36: =IFERROR(VLOOKUP(C36,CurrentRank!$B$2:$C$132,2,FALSE),0) -> 57.15 | I36: =IF(ISBLANK(B36),,IFERROR(VLOOKUP(C36,CurrentRank!$B$2:$C$132,2,FALSE),0)) -> 57.15 | J36: =IFERROR(VLOOKUP(C36,Week11,3,FALSE),130) -> 12 | K36: =IFERROR(VLOOKUP(C36,CurrentRank!$B$2:$D$132,3,FALSE),130) -> 23 | L36: =IF(ISBLANK(C36),,(D36+H36)*0.015) -> 1.3095 | M36: =IF(ISBLANK(D36),,(E36+I36)*0.015) -> 1.3095 | N36: =(F36+K36)/2 -> 66 | O36: =IF(H36=0,,(D36-(H36+L36))/2) -> -14.15475 | P36: =(D36-(H36+L36))/2 -> -14.15475 | Q36: =IF(ISBLANK(O36),,1-((ABS(O36/2)+N36/2)/100)) -> 0.59922625 | R36: =IF(ISBLANK(Q36),,IF(Q36>=0.975,"A+",IF(Q36>=0.925,"A",IF(Q36>=0.895,"A-",IF(Q36>=0.865,"B+",IF(Q36>=0.825,"B",IF(Q36>=0.795,"B-",IF(Q36>=0.765,"C+",IF(Q36>=0.725,"C",IF(Q36>=0.695,"C-",IF(Q36>=0.665,"D+",IF(Q36>=0.625,"D",IF(Q36>=0.595,"D-",IF(Q36<0.6,"F")))))))))))))) -> D- | S36: =IF(IF(H36=0,,IF(ISBLANK(AC36),,1-(((AE36/2+N36/2)-(AD36*2))/100)))>1, 1, IF(H36=0,,IF(ISBLANK(AC36),,1-(((AE36/2+N36/2)-(AD36*2))/100)))) | T36: =IF(ISBLANK(S36),,IF(S36>=0.975,"A+",IF(S36>=0.925,"A",IF(S36>=0.895,"A-",IF(S36>=0.865,"B+",IF(S36>=0.825,"B",IF(S36>=0.795,"B-",IF(S36>=0.765,"C+",IF(S36>=0.725,"C",IF(S36>=0.695,"C-",IF(S36>=0.665,"D+",IF(S36>=0.625,"D",IF(S36>=0.595,"D-",IF(S36<0.6,"F")))))))))))))) | U36: No | V36: =IFERROR(IF(VLOOKUP(B36,Standings!$A:$F, 6, 0)=VLOOKUP(C36,Standings!$A:$F, 6, 0), VLOOKUP(B36,Standings!$A:$F, 6, 0), "Non-con"), "FCS") -> ACC | W36: =IF(ISBLANK(O36),,IF(O36>0,C36,B36)) -> Georgia Tech | X36: =IF(ISBLANK(O36),,IF(O36<0,C36,B36)) -> Miami | Y36: =IF(D36=0,,IF(ISBLANK(Q36),,VLOOKUP(X36,Week11,2,FALSE)/(VLOOKUP(X36,Week11,2,FALSE)+VLOOKUP(W36,Week11,2,FALSE))+0.05)*100) -> 78.268482 | AB36: =IF(Z36<>"",(IF(Z36=B36, C36, B36)),"") | AE36: =IF(ISBLANK(AC36),,AA36-AC36) | AF36: PPD | AG36: =IF(ISBLANK(S36),,If(X36=Z36, 1, 0))
A37: 14 | B37: Ohio State | C37: Michigan State | D37: =IFERROR(VLOOKUP(B37,Week13,2,FALSE),0) -> 87.09 | E37: =IF(ISBLANK(B37),,IFERROR(VLOOKUP(B37,CurrentRank!$B$2:$C$132,2,FALSE),0)) -> 87.05 | F37: =IFERROR(VLOOKUP(B37,Week13,3,FALSE),130) -> 3 | G37: =IF(ISBLANK(B37),,IFERROR(VLOOKUP(B37,CurrentRank!$B$2:$D$132,3,FALSE),130)) -> 2 | H37: =IFERROR(VLOOKUP(C37,Week13,2,FALSE),0) -> 31.9 | I37: =IF(ISBLANK(B37),,IFERROR(VLOOKUP(C37,CurrentRank!$B$2:$C$132,2,FALSE),0)) -> 29.42 | J37: =IFERROR(VLOOKUP(C37,Week13,3,FALSE),130) -> 87 | K37: =IF(ISBLANK(C37),,IFERROR(VLOOKUP(C37,CurrentRank!$B$2:$D$132,3,FALSE),130)) -> 114 | L37: =IF(U37= "Yes", 0, IF(ISBLANK(C37),,(D37+H37)*0.015)) -> 1.78485 | M37: =IF(U37= "Yes", 0, IF(ISBLANK(D37),,(E37+I37)*0.015)) -> 1.74705 | N37: =IF(ISBLANK(C37),,(F37+J37)/2) -> 45 | O37: =IF(H37=0,,(D37-(H37+L37))/2) -> 26.702575 | P37: =IF(ISBLANK(C37),,(E37-(I37+L37))/2) -> 27.922575 | Q37: =IF(ISBLANK(O37),,1-((ABS(O37/2)+N37/2)/100)) -> 0.64148713 | R37: =IF(ISBLANK(Q37),,IF(Q37>=0.975,"A+",IF(Q37>=0.925,"A",IF(Q37>=0.895,"A-",IF(Q37>=0.865,"B+",IF(Q37>=0.825,"B",IF(Q37>=0.795,"B-",IF(Q37>=0.765,"C+",IF(Q37>=0.725,"C",IF(Q37>=0.695,"C-",IF(Q37>=0.665,"D+",IF(Q37>=0.625,"D",IF(Q37>=0.595,"D-",IF(Q37<0.6,"F")))))))))))))) -> D | S37: =IF(IF(H37=0,,IF(ISBLANK(AC37),,1-(((AE37/2+N37/2)-(AD37*2))/100)))>1, 1, IF(H37=0,,IF(ISBLANK(AC37),,1-(((AE37/2+N37/2)-(AD37*2))/100)))) -> 0.575 | T37: =IF(ISBLANK(S37),,IF(S37>=0.975,"A+",IF(S37>=0.925,"A",IF(S37>=0.895,"A-",IF(S37>=0.865,"B+",IF(S37>=0.825,"B",IF(S37>=0.795,"B-",IF(S37>=0.765,"C+",IF(S37>=0.725,"C",IF(S37>=0.695,"C-",IF(S37>=0.665,"D+",IF(S37>=0.625,"D",IF(S37>=0.595,"D-",IF(S37<0.6,"F")))))))))))))) -> F | U37: No | V37: =IF(ISBLANK(C37),,IFERROR(IF(VLOOKUP(B37,Standings!$A:$F, 6, 0)=VLOOKUP(C37,Standings!$A:$F, 6, 0), VLOOKUP(B37,Standings!$A:$F, 6, 0), "Non-con"), "FCS")) -> B1G | W37: =IF(ISBLANK(O37),,IF(O37>0,C37,B37)) -> Michigan State | X37: =IF(ISBLANK(O37),,IF(O37<0,C37,B37)) -> Ohio State | Y37: =IF(D37=0,,IF(ISBLANK(Q37),,VLOOKUP(X37,Week13,2,FALSE)/(VLOOKUP(X37,Week13,2,FALSE)+VLOOKUP(W37,Week13,2,FALSE))+0.05)*100) -> 78.191024 | Z37: Ohio State | AA37: 52 | AB37: =IF(Z37<>"",(IF(Z37=B37, C37, B37)),"") -> Michigan State | AC37: 12 | AE37: =IF(ISBLANK(AC37),,AA37-AC37) -> 40 | AG37: =IF(ISBLANK(S37),,If(X37=Z37, 1, 0)) -> 1
A38: 7 | B38: Louisville | C38: Notre Dame | D38: =IFERROR(VLOOKUP(B38,Week6,2,FALSE),0) -> 30.48 | E38: =IF(ISBLANK(B38),,IFERROR(VLOOKUP(B38,CurrentRank!$B$2:$C$132,2,FALSE),0)) -> 36.87 | F38: =IFERROR(VLOOKUP(B38,Week6,3,FALSE),130) -> 69 | G38: =IF(ISBLANK(B38),,IFERROR(VLOOKUP(B38,CurrentRank!$B$2:$D$132,3,FALSE),130)) -> 48 | H38: =IFERROR(VLOOKUP(C38,Week6,2,FALSE),0) -> 83.02 | I38: =IF(ISBLANK(B38),,IFERROR(VLOOKUP(C38,CurrentRank!$B$2:$C$132,2,FALSE),0)) -> 78.79 | J38: =IFERROR(VLOOKUP(C38,Week6,3,FALSE),130) -> 6 | K38: =IF(ISBLANK(C38),,IFERROR(VLOOKUP(C38,CurrentRank!$B$2:$D$132,3,FALSE),130)) -> 7 | L38: =IF(U38= "Yes", 0, IF(ISBLANK(C38),,(D38+H38)*0.015)) -> 1.7025 | M38: =IF(U38= "Yes", 0, IF(ISBLANK(D38),,(E38+I38)*0.015)) -> 1.7349 | N38: =IF(ISBLANK(C38),,(F38+J38)/2) -> 37.5 | O38: =IF(H38=0,,(D38-(H38+L38))/2) -> -27.12125 | P38: =IF(ISBLANK(C38),,(E38-(I38+L38))/2) -> -21.81125 | Q38: =IF(ISBLANK(O38),,1-((ABS(O38/2)+N38/2)/100)) -> 0.67689375 | R38: =IF(ISBLANK(Q38),,IF(Q38>=0.975,"A+",IF(Q38>=0.925,"A",IF(Q38>=0.895,"A-",IF(Q38>=0.865,"B+",IF(Q38>=0.825,"B",IF(Q38>=0.795,"B-",IF(Q38>=0.765,"C+",IF(Q38>=0.725,"C",IF(Q38>=0.695,"C-",IF(Q38>=0.665,"D+",IF(Q38>=0.625,"D",IF(Q38>=0.595,"D-",IF(Q38<0.6,"F")))))))))))))) -> D+ | S38: =IF(IF(H38=0,,IF(ISBLANK(AC38),,1-(((AE38/2+N38/2)-(AD38*2))/100)))>1, 1, IF(H38=0,,IF(ISBLANK(AC38),,1-(((AE38/2+N38/2)-(AD38*2))/100)))) -> 0.7875 | T38: =IF(ISBLANK(S38),,IF(S38>=0.975,"A+",IF(S38>=0.925,"A",IF(S38>=0.895,"A-",IF(S38>=0.865,"B+",IF(S38>=0.825,"B",IF(S38>=0.795,"B-",IF(S38>=0.765,"C+",IF(S38>=0.725,"C",IF(S38>=0.695,"C-",IF(S38>=0.665,"D+",IF(S38>=0.625,"D",IF(S38>=0.595,"D-",IF(S38<0.6,"F")))))))))))))) -> C+ | U38: No | V38: =IF(ISBLANK(C38),,IFERROR(IF(VLOOKUP(B38,Standings!$A:$F, 6, 0)=VLOOKUP(C38,Standings!$A:$F, 6, 0), VLOOKUP(B38,Standings!$A:$F, 6, 0), "Non-con"), "FCS")) -> ACC | W38: =IF(ISBLANK(O38),,IF(O38>0,C38,B38)) -> Louisville | X38: =IF(ISBLANK(O38),,IF(O38<0,C38,B38)) -> Notre Dame | Y38: =IF(D38=0,,IF(ISBLANK(Q38),,VLOOKUP(X38,Week6,2,FALSE)/(VLOOKUP(X38,Week6,2,FALSE)+VLOOKUP(W38,Week6,2,FALSE))+0.05)*100) -> 78.145374 | Z38: Notre Dame | AA38: 12 | AB38: =IF(Z38<>"",(IF(Z38=B38, C38, B38)),"") -> Louisville | AC38: 7 | AE38: =IF(ISBLANK(AC38),,AA38-AC38) -> 5 | AG38: =IF(ISBLANK(S38),,If(X38=Z38, 1, 0)) -> 1 | AJ38: Michigan
A39: 16 | B39: Oklahoma | C39: Iowa State | D39: =IFERROR(VLOOKUP(B39,Week15,2,FALSE),0) -> 74.51 | E39: =IF(ISBLANK(B39),,IFERROR(VLOOKUP(B39,CurrentRank!$B$2:$C$132,2,FALSE),0)) -> 81.57 | F39: =IFERROR(VLOOKUP(B39,Week15,3,FALSE),130) -> 12 | G39: =IF(ISBLANK(B39),,IFERROR(VLOOKUP(B39,CurrentRank!$B$2:$D$132,3,FALSE),130)) -> 5 | H39: =IFERROR(VLOOKUP(C39,Week15,2,FALSE),0) -> 78.13 | I39: =IF(ISBLANK(B39),,IFERROR(VLOOKUP(C39,CurrentRank!$B$2:$C$132,2,FALSE),0)) -> 73.64 | J39: =IFERROR(VLOOKUP(C39,Week15,3,FALSE),130) -> 9 | K39: =IF(ISBLANK(C39),,IFERROR(VLOOKUP(C39,CurrentRank!$B$2:$D$132,3,FALSE),130)) -> 8 | L39: =IF(U39= "Yes", 0, IF(ISBLANK(C39),,(D39+H39)*0.015)) -> 0 | M39: =IF(U39= "Yes", 0, IF(ISBLANK(D39),,(E39+I39)*0.015)) -> 0 | N39: =IF(ISBLANK(C39),,(F39+J39)/2) -> 10.5 | O39: =IF(H39=0,,(D39-(H39+L39))/2) -> -1.81 | P39: =IF(ISBLANK(C39),,(E39-(I39+L39))/2) -> 3.965 | Q39: =IF(ISBLANK(O39),,1-((ABS(O39/2)+N39/2)/100)) -> 0.93845 | R39: =IF(ISBLANK(Q39),,IF(Q39>=0.975,"A+",IF(Q39>=0.925,"A",IF(Q39>=0.895,"A-",IF(Q39>=0.865,"B+",IF(Q39>=0.825,"B",IF(Q39>=0.795,"B-",IF(Q39>=0.765,"C+",IF(Q39>=0.725,"C",IF(Q39>=0.695,"C-",IF(Q39>=0.665,"D+",IF(Q39>=0.625,"D",IF(Q39>=0.595,"D-",IF(Q39<0.6,"F")))))))))))))) -> A | S39: =IF(IF(H39=0,,IF(ISBLANK(AC39),,1-(((AE39/2+N39/2)-(AD39*2))/100)))>1, 1, IF(H39=0,,IF(ISBLANK(AC39),,1-(((AE39/2+N39/2)-(AD39*2))/100)))) -> 0.9175 | T39: =IF(ISBLANK(S39),,IF(S39>=0.975,"A+",IF(S39>=0.925,"A",IF(S39>=0.895,"A-",IF(S39>=0.865,"B+",IF(S39>=0.825,"B",IF(S39>=0.795,"B-",IF(S39>=0.765,"C+",IF(S39>=0.725,"C",IF(S39>=0.695,"C-",IF(S39>=0.665,"D+",IF(S39>=0.625,"D",IF(S39>=0.595,"D-",IF(S39<0.6,"F")))))))))))))) -> A- | U39: Yes | V39: =IF(ISBLANK(C39),,IFERROR(IF(VLOOKUP(B39,Standings!$A:$F, 6, 0)=VLOOKUP(C39,Standings!$A:$F, 6, 0), VLOOKUP(B39,Standings!$A:$F, 6, 0), "Non-con"), "FCS")) -> BIG12 | W39: =IF(ISBLANK(O39),,IF(O39>0,C39,B39)) -> Oklahoma | X39: =IF(ISBLANK(O39),,IF(O39<0,C39,B39)) -> Iowa State | Y39: =IF(D39=0,,IF(ISBLANK(Q39),,VLOOKUP(X39,Week15,2,FALSE)/(VLOOKUP(X39,Week15,2,FALSE)+VLOOKUP(W39,Week15,2,FALSE))+0.05)*100) -> 56.185797 | Z39: Oklahoma | AA39: 27 | AB39: =IF(Z39<>"",(IF(Z39=B39, C39, B39)),"") -> Iowa State | AC39: 21 | AE39: =IF(ISBLANK(AC39),,AA39-AC39) -> 6 | AF39: CCG | AG39: =IF(ISBLANK(S39),,If(X39=Z39, 1, 0)) -> 0
A40: 9 | B40: Western Kentucky | C40: BYU | D40: =IFERROR(VLOOKUP(B40,Week8,2,FALSE),0) -> 28.5 | E40: =IF(ISBLANK(B40),,IFERROR(VLOOKUP(B40,CurrentRank!$B$2:$C$132,2,FALSE),0)) -> 29.31 | F40: =IFERROR(VLOOKUP(B40,Week8,3,FALSE),130) -> 117 | G40: =IF(ISBLANK(B40),,IFERROR(VLOOKUP(B40,CurrentRank!$B$2:$D$132,3,FALSE),130)) -> 115 | H40: =IFERROR(VLOOKUP(C40,Week8,2,FALSE),0) -> 76.58 | I40: =IF(ISBLANK(B40),,IFERROR(VLOOKUP(C40,CurrentRank!$B$2:$C$132,2,FALSE),0)) -> 69.33 | J40: =IFERROR(VLOOKUP(C40,Week8,3,FALSE),130) -> 9 | K40: =IF(ISBLANK(C40),,IFERROR(VLOOKUP(C40,CurrentRank!$B$2:$D$132,3,FALSE),130)) -> 15 | L40: =IF(U40= "Yes", 0, IF(ISBLANK(C40),,(D40+H40)*0.015)) -> 1.5762 | M40: =IF(U40= "Yes", 0, IF(ISBLANK(D40),,(E40+I40)*0.015)) -> 1.4796 | N40: =IF(ISBLANK(C40),,(F40+J40)/2) -> 63 | O40: =IF(H40=0,,(D40-(H40+L40))/2) -> -24.8281 | P40: =IF(ISBLANK(C40),,(E40-(I40+L40))/2) -> -20.7981 | Q40: =IF(ISBLANK(O40),,1-((ABS(O40/2)+N40/2)/100)) -> 0.5608595 | R40: =IF(ISBLANK(Q40),,IF(Q40>=0.975,"A+",IF(Q40>=0.925,"A",IF(Q40>=0.895,"A-",IF(Q40>=0.865,"B+",IF(Q40>=0.825,"B",IF(Q40>=0.795,"B-",IF(Q40>=0.765,"C+",IF(Q40>=0.725,"C",IF(Q40>=0.695,"C-",IF(Q40>=0.665,"D+",IF(Q40>=0.625,"D",IF(Q40>=0.595,"D-",IF(Q40<0.6,"F")))))))))))))) -> F | S40: =IF(IF(H40=0,,IF(ISBLANK(AC40),,1-(((AE40/2+N40/2)-(AD40*2))/100)))>1, 1, IF(H40=0,,IF(ISBLANK(AC40),,1-(((AE40/2+N40/2)-(AD40*2))/100)))) -> 0.53 | T40: =IF(ISBLANK(S40),,IF(S40>=0.975,"A+",IF(S40>=0.925,"A",IF(S40>=0.895,"A-",IF(S40>=0.865,"B+",IF(S40>=0.825,"B",IF(S40>=0.795,"B-",IF(S40>=0.765,"C+",IF(S40>=0.725,"C",IF(S40>=0.695,"C-",IF(S40>=0.665,"D+",IF(S40>=0.625,"D",IF(S40>=0.595,"D-",IF(S40<0.6,"F")))))))))))))) -> F | U40: No | V40: =IF(ISBLANK(C40),,IFERROR(IF(VLOOKUP(B40,Standings!$A:$F, 6, 0)=VLOOKUP(C40,Standings!$A:$F, 6, 0), VLOOKUP(B40,Standings!$A:$F, 6, 0), "Non-con"), "FCS")) -> Non-con | W40: =IF(ISBLANK(O40),,IF(O40>0,C40,B40)) -> Western Kentucky | X40: =IF(ISBLANK(O40),,IF(O40<0,C40,B40)) -> BYU | Y40: =IF(D40=0,,IF(ISBLANK(Q40),,VLOOKUP(X40,Week8,2,FALSE)/(VLOOKUP(X40,Week8,2,FALSE)+VLOOKUP(W40,Week8,2,FALSE))+0.05)*100) -> 77.877807 | Z40: BYU | AA40: 41 | AB40: =IF(Z40<>"",(IF(Z40=B40, C40, B40)),"") -> Western Kentucky | AC40: 10 | AE40: =IF(ISBLANK(AC40),,AA40-AC40) -> 31 | AG40: =IF(ISBLANK(S40),,If(X40=Z40, 1, 0)) -> 1
A41: 13 | B41: UTEP | C41: Rice | D41: =IFERROR(VLOOKUP(B41,Week12,2,FALSE),0) -> 11.59 | E41: =IF(ISBLANK(B41),,IFERROR(VLOOKUP(B41,CurrentRank!$B$2:$C$132,2,FALSE),0)) -> 11.84 | F41: =IFERROR(VLOOKUP(B41,Week12,3,FALSE),130) -> 130 | G41: =IF(ISBLANK(B41),,IFERROR(VLOOKUP(B41,CurrentRank!$B$2:$D$132,3,FALSE),130)) -> 130 | H41: =IFERROR(VLOOKUP(C41,Week12,2,FALSE),0) -> 30.93 | I41: =IF(ISBLANK(B41),,IFERROR(VLOOKUP(C41,CurrentRank!$B$2:$C$132,2,FALSE),0)) -> 33.49 | J41: =IFERROR(VLOOKUP(C41,Week12,3,FALSE),130) -> 96 | K41: =IF(ISBLANK(C41),,IFERROR(VLOOKUP(C41,CurrentRank!$B$2:$D$132,3,FALSE),130)) -> 79 | L41: =IF(ISBLANK(C41),,(D41+H41)*0.015) -> 0.6378 | M41: =IF(ISBLANK(D41),,(E41+I41)*0.015) -> 0.67995 | N41: =IF(ISBLANK(C41),,(F41+J41)/2) -> 113 | O41: =IF(H41=0,,(D41-(H41+L41))/2) -> -9.9889 | P41: =IF(ISBLANK(C41),,(E41-(I41+L41))/2) -> -11.1439 | Q41: =IF(ISBLANK(O41),,1-((ABS(O41/2)+N41/2)/100)) -> 0.3850555 | R41: =IF(ISBLANK(Q41),,IF(Q41>=0.975,"A+",IF(Q41>=0.925,"A",IF(Q41>=0.895,"A-",IF(Q41>=0.865,"B+",IF(Q41>=0.825,"B",IF(Q41>=0.795,"B-",IF(Q41>=0.765,"C+",IF(Q41>=0.725,"C",IF(Q41>=0.695,"C-",IF(Q41>=0.665,"D+",IF(Q41>=0.625,"D",IF(Q41>=0.595,"D-",IF(Q41<0.6,"F")))))))))))))) -> F | S41: =IF(IF(H41=0,,IF(ISBLANK(AC41),,1-(((AE41/2+N41/2)-(AD41*2))/100)))>1, 1, IF(H41=0,,IF(ISBLANK(AC41),,1-(((AE41/2+N41/2)-(AD41*2))/100)))) | T41: =IF(ISBLANK(S41),,IF(S41>=0.975,"A+",IF(S41>=0.925,"A",IF(S41>=0.895,"A-",IF(S41>=0.865,"B+",IF(S41>=0.825,"B",IF(S41>=0.795,"B-",IF(S41>=0.765,"C+",IF(S41>=0.725,"C",IF(S41>=0.695,"C-",IF(S41>=0.665,"D+",IF(S41>=0.625,"D",IF(S41>=0.595,"D-",IF(S41<0.6,"F")))))))))))))) | U41: No | V41: =IF(ISBLANK(C41),,IFERROR(IF(VLOOKUP(B41,Standings!$A:$F, 6, 0)=VLOOKUP(C41,Standings!$A:$F, 6, 0), VLOOKUP(B41,Standings!$A:$F, 6, 0), "Non-con"), "FCS")) -> CUSA | W41: =IF(ISBLANK(O41),,IF(O41>0,C41,B41)) -> UTEP | X41: =IF(ISBLANK(O41),,IF(O41<0,C41,B41)) -> Rice | Y41: =IF(D41=0,,IF(ISBLANK(Q41),,VLOOKUP(X41,Week12,2,FALSE)/(VLOOKUP(X41,Week12,2,FALSE)+VLOOKUP(W41,Week12,2,FALSE))+0.05)*100) -> 77.742239 | AB41: =IF(Z41<>"",(IF(Z41=B41, C41, B41)),"") | AE41: =IF(ISBLANK(AC41),,AA41-AC41) | AF41: CAN | AG41: =IF(ISBLANK(S41),,If(X41=Z41, 1, 0))
A42: 11 | B42: South Florida | C42: Houston | D42: =IFERROR(VLOOKUP(B42,Week10,2,FALSE),0) -> 12.3 | E42: =IF(ISBLANK(B42),,IFERROR(VLOOKUP(B42,CurrentRank!$B$2:$C$132,2,FALSE),0)) -> 13.91 | F42: =IFERROR(VLOOKUP(B42,Week10,3,FALSE),130) -> 130 | G42: =IF(ISBLANK(B42),,IFERROR(VLOOKUP(B42,CurrentRank!$B$2:$D$132,3,FALSE),130)) -> 129 | H42: =IFERROR(VLOOKUP(C42,Week10,2,FALSE),0) -> 32.72 | I42: =IF(ISBLANK(B42),,IFERROR(VLOOKUP(C42,CurrentRank!$B$2:$C$132,2,FALSE),0)) -> 33.03 | J42: =IFERROR(VLOOKUP(C42,Week10,3,FALSE),130) -> 77 | K42: =IF(ISBLANK(C42),,IFERROR(VLOOKUP(C42,CurrentRank!$B$2:$D$132,3,FALSE),130)) -> 86 | L42: =IF(U42= "Yes", 0, IF(ISBLANK(C42),,(D42+H42)*0.015)) -> 0.6753 | M42: =IF(U42= "Yes", 0, IF(ISBLANK(D42),,(E42+I42)*0.015)) -> 0.7041 | N42: =IF(ISBLANK(C42),,(F42+J42)/2) -> 103.5 | O42: =IF(H42=0,,(D42-(H42+L42))/2) -> -10.54765 | P42: =IF(ISBLANK(C42),,(E42-(I42+L42))/2) -> -9.89765 | Q42: =IF(ISBLANK(O42),,1-((ABS(O42/2)+N42/2)/100)) -> 0.42976175 | R42: =IF(ISBLANK(Q42),,IF(Q42>=0.975,"A+",IF(Q42>=0.925,"A",IF(Q42>=0.895,"A-",IF(Q42>=0.865,"B+",IF(Q42>=0.825,"B",IF(Q42>=0.795,"B-",IF(Q42>=0.765,"C+",IF(Q42>=0.725,"C",IF(Q42>=0.695,"C-",IF(Q42>=0.665,"D+",IF(Q42>=0.625,"D",IF(Q42>=0.595,"D-",IF(Q42<0.6,"F")))))))))))))) -> F | S42: =IF(IF(H42=0,,IF(ISBLANK(AC42),,1-(((AE42/2+N42/2)-(AD42*2))/100)))>1, 1, IF(H42=0,,IF(ISBLANK(AC42),,1-(((AE42/2+N42/2)-(AD42*2))/100)))) -> 0.3075 | T42: =IF(ISBLANK(S42),,IF(S42>=0.975,"A+",IF(S42>=0.925,"A",IF(S42>=0.895,"A-",IF(S42>=0.865,"B+",IF(S42>=0.825,"B",IF(S42>=0.795,"B-",IF(S42>=0.765,"C+",IF(S42>=0.725,"C",IF(S42>=0.695,"C-",IF(S42>=0.665,"D+",IF(S42>=0.625,"D",IF(S42>=0.595,"D-",IF(S42<0.6,"F")))))))))))))) -> F | U42: No | V42: =IF(ISBLANK(C42),,IFERROR(IF(VLOOKUP(B42,Standings!$A:$F, 6, 0)=VLOOKUP(C42,Standings!$A:$F, 6, 0), VLOOKUP(B42,Standings!$A:$F, 6, 0), "Non-con"), "FCS")) -> AAC | W42: =IF(ISBLANK(O42),,IF(O42>0,C42,B42)) -> South Florida | X42: =IF(ISBLANK(O42),,IF(O42<0,C42,B42)) -> Houston | Y42: =IF(D42=0,,IF(ISBLANK(Q42),,VLOOKUP(X42,Week10,2,FALSE)/(VLOOKUP(X42,Week10,2,FALSE)+VLOOKUP(W42,Week10,2,FALSE))+0.05)*100) -> 77.678809 | Z42: Houston | AA42: 56 | AB42: =IF(Z42<>"",(IF(Z42=B42, C42, B42)),"") -> South Florida | AC42: 21 | AE42: =IF(ISBLANK(AC42),,AA42-AC42) -> 35 | AG42: =IF(ISBLANK(S42),,If(X42=Z42, 1, 0)) -> 1 | AJ42: Bowling Green | AK42: PPD | AL42: Postponed
A43: 8 | B43: Alabama | C43: Tennessee | D43: =IFERROR(VLOOKUP(B43,Week7,2,FALSE),0) -> 93.43 | E43: =IF(ISBLANK(B43),,IFERROR(VLOOKUP(B43,CurrentRank!$B$2:$C$132,2,FALSE),0)) -> 96.59 | F43: =IFERROR(VLOOKUP(B43,Week7,3,FALSE),130) -> 2 | G43: =IF(ISBLANK(B43),,IFERROR(VLOOKUP(B43,CurrentRank!$B$2:$D$132,3,FALSE),130)) -> 1 | H43: =IFERROR(VLOOKUP(C43,Week7,2,FALSE),0) -> 35.47 | I43: =IF(ISBLANK(B43),,IFERROR(VLOOKUP(C43,CurrentRank!$B$2:$C$132,2,FALSE),0)) -> 34.09 | J43: =IFERROR(VLOOKUP(C43,Week7,3,FALSE),130) -> 55 | K43: =IF(ISBLANK(C43),,IFERROR(VLOOKUP(C43,CurrentRank!$B$2:$D$132,3,FALSE),130)) -> 74 | L43: =IF(U43= "Yes", 0, IF(ISBLANK(C43),,(D43+H43)*0.015)) -> 1.9335 | M43: =IF(U43= "Yes", 0, IF(ISBLANK(D43),,(E43+I43)*0.015)) -> 1.9602 | N43: =IF(ISBLANK(C43),,(F43+J43)/2) -> 28.5 | O43: =IF(H43=0,,(D43-(H43+L43))/2) -> 28.01325 | P43: =IF(ISBLANK(C43),,(E43-(I43+L43))/2) -> 30.28325 | Q43: =IF(ISBLANK(O43),,1-((ABS(O43/2)+N43/2)/100)) -> 0.71743375 | R43: =IF(ISBLANK(Q43),,IF(Q43>=0.975,"A+",IF(Q43>=0.925,"A",IF(Q43>=0.895,"A-",IF(Q43>=0.865,"B+",IF(Q43>=0.825,"B",IF(Q43>=0.795,"B-",IF(Q43>=0.765,"C+",IF(Q43>=0.725,"C",IF(Q43>=0.695,"C-",IF(Q43>=0.665,"D+",IF(Q43>=0.625,"D",IF(Q43>=0.595,"D-",IF(Q43<0.6,"F")))))))))))))) -> C- | S43: =IF(IF(H43=0,,IF(ISBLANK(AC43),,1-(((AE43/2+N43/2)-(AD43*2))/100)))>1, 1, IF(H43=0,,IF(ISBLANK(AC43),,1-(((AE43/2+N43/2)-(AD43*2))/100)))) -> 0.7025 | T43: =IF(ISBLANK(S43),,IF(S43>=0.975,"A+",IF(S43>=0.925,"A",IF(S43>=0.895,"A-",IF(S43>=0.865,"B+",IF(S43>=0.825,"B",IF(S43>=0.795,"B-",IF(S43>=0.765,"C+",IF(S43>=0.725,"C",IF(S43>=0.695,"C-",IF(S43>=0.665,"D+",IF(S43>=0.625,"D",IF(S43>=0.595,"D-",IF(S43<0.6,"F")))))))))))))) -> C- | U43: No | V43: =IF(ISBLANK(C43),,IFERROR(IF(VLOOKUP(B43,Standings!$A:$F, 6, 0)=VLOOKUP(C43,Standings!$A:$F, 6, 0), VLOOKUP(B43,Standings!$A:$F, 6, 0), "Non-con"), "FCS")) -> SEC | W43: =IF(ISBLANK(O43),,IF(O43>0,C43,B43)) -> Tennessee | X43: =IF(ISBLANK(O43),,IF(O43<0,C43,B43)) -> Alabama | Y43: =IF(D43=0,,IF(ISBLANK(Q43),,VLOOKUP(X43,Week7,2,FALSE)/(VLOOKUP(X43,Week7,2,FALSE)+VLOOKUP(W43,Week7,2,FALSE))+0.05)*100) -> 77.482545 | Z43: Alabama | AA43: 48 | AB43: =IF(Z43<>"",(IF(Z43=B43, C43, B43)),"") -> Tennessee | AC43: 17 | AE43: =IF(ISBLANK(AC43),,AA43-AC43) -> 31 | AG43: =IF(ISBLANK(S43),,If(X43=Z43, 1, 0)) -> 1 | AJ43: Wisconsin
A44: 15 | B44: Texas | C44: Kansas | D44: =IFERROR(VLOOKUP(B44,Week14,2,FALSE),0) -> 55.98 | E44: =IF(ISBLANK(B44),,IFERROR(VLOOKUP(B44,CurrentRank!$B$2:$C$132,2,FALSE),0)) -> 62.29 | F44: =IFERROR(VLOOKUP(B44,Week14,3,FALSE),130) -> 24 | G44: =IF(ISBLANK(B44),,IFERROR(VLOOKUP(B44,CurrentRank!$B$2:$D$132,3,FALSE),130)) -> 20 | H44: =IFERROR(VLOOKUP(C44,Week14,2,FALSE),0) -> 21.27 | I44: =IF(ISBLANK(B44),,IFERROR(VLOOKUP(C44,CurrentRank!$B$2:$C$132,2,FALSE),0)) -> 21.55 | J44: =IFERROR(VLOOKUP(C44,Week14,3,FALSE),130) -> 128 | K44: =IF(ISBLANK(C44),,IFERROR(VLOOKUP(C44,CurrentRank!$B$2:$D$132,3,FALSE),130)) -> 127 | L44: =IF(ISBLANK(C44),,(D44+H44)*0.015) -> 1.15875 | M44: =IF(ISBLANK(D44),,(E44+I44)*0.015) -> 1.2576 | N44: =IF(ISBLANK(C44),,(F44+J44)/2) -> 76 | O44: =IF(H44=0,,(D44-(H44+L44))/2) -> 16.775625 | P44: =IF(ISBLANK(C44),,(E44-(I44+L44))/2) -> 19.790625 | Q44: =IF(ISBLANK(O44),,1-((ABS(O44/2)+N44/2)/100)) -> 0.53612187 | R44: =IF(ISBLANK(Q44),,IF(Q44>=0.975,"A+",IF(Q44>=0.925,"A",IF(Q44>=0.895,"A-",IF(Q44>=0.865,"B+",IF(Q44>=0.825,"B",IF(Q44>=0.795,"B-",IF(Q44>=0.765,"C+",IF(Q44>=0.725,"C",IF(Q44>=0.695,"C-",IF(Q44>=0.665,"D+",IF(Q44>=0.625,"D",IF(Q44>=0.595,"D-",IF(Q44<0.6,"F")))))))))))))) -> F | S44: =IF(IF(H44=0,,IF(ISBLANK(AC44),,1-(((AE44/2+N44/2)-(AD44*2))/100)))>1, 1, IF(H44=0,,IF(ISBLANK(AC44),,1-(((AE44/2+N44/2)-(AD44*2))/100)))) | T44: =IF(ISBLANK(S44),,IF(S44>=0.975,"A+",IF(S44>=0.925,"A",IF(S44>=0.895,"A-",IF(S44>=0.865,"B+",IF(S44>=0.825,"B",IF(S44>=0.795,"B-",IF(S44>=0.765,"C+",IF(S44>=0.725,"C",IF(S44>=0.695,"C-",IF(S44>=0.665,"D+",IF(S44>=0.625,"D",IF(S44>=0.595,"D-",IF(S44<0.6,"F")))))))))))))) | U44: No | V44: =IF(ISBLANK(C44),,IFERROR(IF(VLOOKUP(B44,Standings!$A:$F, 6, 0)=VLOOKUP(C44,Standings!$A:$F, 6, 0), VLOOKUP(B44,Standings!$A:$F, 6, 0), "Non-con"), "FCS")) -> BIG12 | W44: =IF(ISBLANK(O44),,IF(O44>0,C44,B44)) -> Kansas | X44: =IF(ISBLANK(O44),,IF(O44<0,C44,B44)) -> Texas | Y44: =IF(D44=0,,IF(ISBLANK(Q44),,VLOOKUP(X44,Week14,2,FALSE)/(VLOOKUP(X44,Week14,2,FALSE)+VLOOKUP(W44,Week14,2,FALSE))+0.05)*100) -> 77.466019 | AB44: =IF(Z44<>"",(IF(Z44=B44, C44, B44)),"") | AE44: =IF(ISBLANK(AC44),,AA44-AC44) | AF44: CAN | AG44: =IF(ISBLANK(S44),,If(X44=Z44, 1, 0))
A45: 2 | B45: UTEP | C45: Texas | D45: =IFERROR(VLOOKUP(B45,Week1,2,FALSE),0) -> 12.23 | E45: =IF(ISBLANK(B45),,IFERROR(VLOOKUP(B45,CurrentRank!$B$2:$C$132,2,FALSE),0)) -> 11.84 | F45: =IFERROR(VLOOKUP(B45,Week1,3,FALSE),130) -> 33 | G45: =IF(ISBLANK(B45),,IFERROR(VLOOKUP(B45,CurrentRank!$B$2:$D$132,3,FALSE),130)) -> 130 | H45: =IFERROR(VLOOKUP(C45,Week1,2,FALSE),0) -> 32.14 | I45: =IF(ISBLANK(B45),,IFERROR(VLOOKUP(C45,CurrentRank!$B$2:$C$132,2,FALSE),0)) -> 62.29 | J45: =IFERROR(VLOOKUP(C45,Week1,3,FALSE),130) -> 14 | K45: =IF(ISBLANK(C45),,IFERROR(VLOOKUP(C45,CurrentRank!$B$2:$D$132,3,FALSE),130)) -> 20 | L45: =IF(U45= "Yes", 0, IF(ISBLANK(C45),,(D45+H45)*0.015)) -> 0.66555 | M45: =IF(U45= "Yes", 0, IF(ISBLANK(D45),,(E45+I45)*0.015)) -> 1.11195 | N45: =IF(ISBLANK(C45),,(F45+J45)/2) -> 23.5 | O45: =IF(H45=0,,(D45-(H45+L45))/2) -> -10.287775 | P45: =IF(ISBLANK(C45),,(E45-(I45+L45))/2) -> -25.557775 | Q45: =IF(ISBLANK(O45),,1-((ABS(O45/2)+N45/2)/100)) -> 0.83106112 | R45: =IF(ISBLANK(Q45),,IF(Q45>=0.975,"A+",IF(Q45>=0.925,"A",IF(Q45>=0.895,"A-",IF(Q45>=0.865,"B+",IF(Q45>=0.825,"B",IF(Q45>=0.795,"B-",IF(Q45>=0.765,"C+",IF(Q45>=0.725,"C",IF(Q45>=0.695,"C-",IF(Q45>=0.665,"D+",IF(Q45>=0.625,"D",IF(Q45>=0.595,"D-",IF(Q45<0.6,"F")))))))))))))) -> B | S45: =IF(IF(H45=0,,IF(ISBLANK(AC45),,1-(((AE45/2+N45/2)-(AD45*2))/100)))>1, 1, IF(H45=0,,IF(ISBLANK(AC45),,1-(((AE45/2+N45/2)-(AD45*2))/100)))) -> 0.6025 | T45: =IF(ISBLANK(S45),,IF(S45>=0.975,"A+",IF(S45>=0.925,"A",IF(S45>=0.895,"A-",IF(S45>=0.865,"B+",IF(S45>=0.825,"B",IF(S45>=0.795,"B-",IF(S45>=0.765,"C+",IF(S45>=0.725,"C",IF(S45>=0.695,"C-",IF(S45>=0.665,"D+",IF(S45>=0.625,"D",IF(S45>=0.595,"D-",IF(S45<0.6,"F")))))))))))))) -> D- | U45: No | V45: =IF(ISBLANK(C45),,IFERROR(IF(VLOOKUP(B45,Standings!$A:$F, 6, 0)=VLOOKUP(C45,Standings!$A:$F, 6, 0), VLOOKUP(B45,Standings!$A:$F, 6, 0), "Non-con"), "FCS")) -> Non-con | W45: =IF(ISBLANK(O45),,IF(O45>0,C45,B45)) -> UTEP | X45: =IF(ISBLANK(O45),,IF(O45<0,C45,B45)) -> Texas | Y45: =IF(D45=0,,IF(ISBLANK(Q45),,VLOOKUP(X45,Week1,2,FALSE)/(VLOOKUP(X45,Week1,2,FALSE)+VLOOKUP(W45,Week1,2,FALSE))+0.05)*100) -> 77.436331 | Z45: Texas | AA45: 59 | AB45: =IF(Z45<>"",(IF(Z45=B45, C45, B45)),"") -> UTEP | AC45: 3 | AE45: =IF(ISBLANK(AC45),,AA45-AC45) -> 56 | AG45: =IF(ISBLANK(S45),,If(X45=Z45, 1, 0)) -> 1
A46: 13 | B46: Coastal Carolina | C46: Texas State | D46: =IFERROR(VLOOKUP(B46,Week12,2,FALSE),0) -> 75.18 | E46: =IF(ISBLANK(B46),,IFERROR(VLOOKUP(B46,CurrentRank!$B$2:$C$132,2,FALSE),0)) -> 69.98 | F46: =IFERROR(VLOOKUP(B46,Week12,3,FALSE),130) -> 12 | G46: =IF(ISBLANK(B46),,IFERROR(VLOOKUP(B46,CurrentRank!$B$2:$D$132,3,FALSE),130)) -> 13 | H46: =IFERROR(VLOOKUP(C46,Week12,2,FALSE),0) -> 28.64 | I46: =IF(ISBLANK(B46),,IFERROR(VLOOKUP(C46,CurrentRank!$B$2:$C$132,2,FALSE),0)) -> 28.86 | J46: =IFERROR(VLOOKUP(C46,Week12,3,FALSE),130) -> 115 | K46: =IF(ISBLANK(C46),,IFERROR(VLOOKUP(C46,CurrentRank!$B$2:$D$132,3,FALSE),130)) -> 119 | L46: =IF(U46= "Yes", 0, IF(ISBLANK(C46),,(D46+H46)*0.015)) -> 1.5573 | M46: =IF(U46= "Yes", 0, IF(ISBLANK(D46),,(E46+I46)*0.015)) -> 1.4826 | N46: =IF(ISBLANK(C46),,(F46+J46)/2) -> 63.5 | O46: =IF(H46=0,,(D46-(H46+L46))/2) -> 22.49135 | P46: =IF(ISBLANK(C46),,(E46-(I46+L46))/2) -> 19.78135 | Q46: =IF(ISBLANK(O46),,1-((ABS(O46/2)+N46/2)/100)) -> 0.57004325 | R46: =IF(ISBLANK(Q46),,IF(Q46>=0.975,"A+",IF(Q46>=0.925,"A",IF(Q46>=0.895,"A-",IF(Q46>=0.865,"B+",IF(Q46>=0.825,"B",IF(Q46>=0.795,"B-",IF(Q46>=0.765,"C+",IF(Q46>=0.725,"C",IF(Q46>=0.695,"C-",IF(Q46>=0.665,"D+",IF(Q46>=0.625,"D",IF(Q46>=0.595,"D-",IF(Q46<0.6,"F")))))))))))))) -> F | S46: =IF(IF(H46=0,,IF(ISBLANK(AC46),,1-(((AE46/2+N46/2)-(AD46*2))/100)))>1, 1, IF(H46=0,,IF(ISBLANK(AC46),,1-(((AE46/2+N46/2)-(AD46*2))/100)))) -> 0.5075 | T46: =IF(ISBLANK(S46),,IF(S46>=0.975,"A+",IF(S46>=0.925,"A",IF(S46>=0.895,"A-",IF(S46>=0.865,"B+",IF(S46>=0.825,"B",IF(S46>=0.795,"B-",IF(S46>=0.765,"C+",IF(S46>=0.725,"C",IF(S46>=0.695,"C-",IF(S46>=0.665,"D+",IF(S46>=0.625,"D",IF(S46>=0.595,"D-",IF(S46<0.6,"F")))))))))))))) -> F | U46: No | V46: =IF(ISBLANK(C46),,IFERROR(IF(VLOOKUP(B46,Standings!$A:$F, 6, 0)=VLOOKUP(C46,Standings!$A:$F, 6, 0), VLOOKUP(B46,Standings!$A:$F, 6, 0), "Non-con"), "FCS")) -> SUN | W46: =IF(ISBLANK(O46),,IF(O46>0,C46,B46)) -> Texas State | X46: =IF(ISBLANK(O46),,IF(O46<0,C46,B46)) -> Coastal Carolina | Y46: =IF(D46=0,,IF(ISBLANK(Q46),,VLOOKUP(X46,Week12,2,FALSE)/(VLOOKUP(X46,Week12,2,FALSE)+VLOOKUP(W46,Week12,2,FALSE))+0.05)*100) -> 77.413793 | Z46: Coastal Carolina | AA46: 49 | AB46: =IF(Z46<>"",(IF(Z46=B46, C46, B46)),"") -> Texas State | AC46: 14 | AE46: =IF(ISBLANK(AC46),,AA46-AC46) -> 35 | AG46: =IF(ISBLANK(S46),,If(X46=Z46, 1, 0)) -> 1 | AJ46: Middle Tennessee
A47: 15 | B47: Alabama | C47: Arkansas | D47: =IFERROR(VLOOKUP(B47,Week14,2,FALSE),0) -> 95.75 | E47: =IF(ISBLANK(B47),,IFERROR(VLOOKUP(B47,CurrentRank!$B$2:$C$132,2,FALSE),0)) -> 96.59 | F47: =IFERROR(VLOOKUP(B47,Week14,3,FALSE),130) -> 1 | G47: =IF(ISBLANK(B47),,IFERROR(VLOOKUP(B47,CurrentRank!$B$2:$D$132,3,FALSE),130)) -> 1 | H47: =IFERROR(VLOOKUP(C47,Week14,2,FALSE),0) -> 36.54 | I47: =IF(ISBLANK(B47),,IFERROR(VLOOKUP(C47,CurrentRank!$B$2:$C$132,2,FALSE),0)) -> 35.17 | J47: =IFERROR(VLOOKUP(C47,Week14,3,FALSE),130) -> 50 | K47: =IF(ISBLANK(C47),,IFERROR(VLOOKUP(C47,CurrentRank!$B$2:$D$132,3,FALSE),130)) -> 65 | L47: =IF(U47= "Yes", 0, IF(ISBLANK(C47),,(D47+H47)*0.015)) -> 1.98435 | M47: =IF(U47= "Yes", 0, IF(ISBLANK(D47),,(E47+I47)*0.015)) -> 1.9764 | N47: =IF(ISBLANK(C47),,(F47+J47)/2) -> 25.5 | O47: =IF(H47=0,,(D47-(H47+L47))/2) -> 28.612825 | P47: =IF(ISBLANK(C47),,(E47-(I47+L47))/2) -> 29.717825 | Q47: =IF(ISBLANK(O47),,1-((ABS(O47/2)+N47/2)/100)) -> 0.72943587 | R47: =IF(ISBLANK(Q47),,IF(Q47>=0.975,"A+",IF(Q47>=0.925,"A",IF(Q47>=0.895,"A-",IF(Q47>=0.865,"B+",IF(Q47>=0.825,"B",IF(Q47>=0.795,"B-",IF(Q47>=0.765,"C+",IF(Q47>=0.725,"C",IF(Q47>=0.695,"C-",IF(Q47>=0.665,"D+",IF(Q47>=0.625,"D",IF(Q47>=0.595,"D-",IF(Q47<0.6,"F")))))))))))))) -> C | S47: =IF(IF(H47=0,,IF(ISBLANK(AC47),,1-(((AE47/2+N47/2)-(AD47*2))/100)))>1, 1, IF(H47=0,,IF(ISBLANK(AC47),,1-(((AE47/2+N47/2)-(AD47*2))/100)))) -> 0.6275 | T47: =IF(ISBLANK(S47),,IF(S47>=0.975,"A+",IF(S47>=0.925,"A",IF(S47>=0.895,"A-",IF(S47>=0.865,"B+",IF(S47>=0.825,"B",IF(S47>=0.795,"B-",IF(S47>=0.765,"C+",IF(S47>=0.725,"C",IF(S47>=0.695,"C-",IF(S47>=0.665,"D+",IF(S47>=0.625,"D",IF(S47>=0.595,"D-",IF(S47<0.6,"F")))))))))))))) -> D | U47: No | V47: =IF(ISBLANK(C47),,IFERROR(IF(VLOOKUP(B47,Standings!$A:$F, 6, 0)=VLOOKUP(C47,Standings!$A:$F, 6, 0), VLOOKUP(B47,Standings!$A:$F, 6, 0), "Non-con"), "FCS")) -> SEC | W47: =IF(ISBLANK(O47),,IF(O47>0,C47,B47)) -> Arkansas | X47: =IF(ISBLANK(O47),,IF(O47<0,C47,B47)) -> Alabama | Y47: =IF(D47=0,,IF(ISBLANK(Q47),,VLOOKUP(X47,Week14,2,FALSE)/(VLOOKUP(X47,Week14,2,FALSE)+VLOOKUP(W47,Week14,2,FALSE))+0.05)*100) -> 77.378865 | Z47: Alabama | AA47: 52 | AB47: =IF(Z47<>"",(IF(Z47=B47, C47, B47)),"") -> Arkansas | AC47: 3 | AE47: =IF(ISBLANK(AC47),,AA47-AC47) -> 49 | AG47: =IF(ISBLANK(S47),,If(X47=Z47, 1, 0)) -> 1
A48: 13 | B48: Ohio State | C48: Illinois | D48: =IFERROR(VLOOKUP(B48,Week12,2,FALSE),0) -> 87.18 | E48: =IF(ISBLANK(B48),,IFERROR(VLOOKUP(B48,CurrentRank!$B$2:$C$132,2,FALSE),0)) -> 87.05 | F48: =IFERROR(VLOOKUP(B48,Week12,3,FALSE),130) -> 3 | G48: =IF(ISBLANK(B48),,IFERROR(VLOOKUP(B48,CurrentRank!$B$2:$D$132,3,FALSE),130)) -> 2 | H48: =IFERROR(VLOOKUP(C48,Week12,2,FALSE),0) -> 33.33 | I48: =IF(ISBLANK(B48),,IFERROR(VLOOKUP(C48,CurrentRank!$B$2:$C$132,2,FALSE),0)) -> 31.52 | J48: =IFERROR(VLOOKUP(C48,Week12,3,FALSE),130) -> 75 | K48: =IF(ISBLANK(C48),,IFERROR(VLOOKUP(C48,CurrentRank!$B$2:$D$132,3,FALSE),130)) -> 98 | L48: =IF(ISBLANK(C48),,(D48+H48)*0.015) -> 1.80765 | M48: =IF(ISBLANK(D48),,(E48+I48)*0.015) -> 1.77855 | N48: =IF(ISBLANK(C48),,(F48+J48)/2) -> 39 | O48: =IF(H48=0,,(D48-(H48+L48))/2) -> 26.021175 | P48: =IF(ISBLANK(C48),,(E48-(I48+L48))/2) -> 26.861175 | Q48: =IF(ISBLANK(O48),,1-((ABS(O48/2)+N48/2)/100)) -> 0.67489413 | R48: =IF(ISBLANK(Q48),,IF(Q48>=0.975,"A+",IF(Q48>=0.925,"A",IF(Q48>=0.895,"A-",IF(Q48>=0.865,"B+",IF(Q48>=0.825,"B",IF(Q48>=0.795,"B-",IF(Q48>=0.765,"C+",IF(Q48>=0.725,"C",IF(Q48>=0.695,"C-",IF(Q48>=0.665,"D+",IF(Q48>=0.625,"D",IF(Q48>=0.595,"D-",IF(Q48<0.6,"F")))))))))))))) -> D+ | S48: =IF(IF(H48=0,,IF(ISBLANK(AC48),,1-(((AE48/2+N48/2)-(AD48*2))/100)))>1, 1, IF(H48=0,,IF(ISBLANK(AC48),,1-(((AE48/2+N48/2)-(AD48*2))/100)))) | T48: =IF(ISBLANK(S48),,IF(S48>=0.975,"A+",IF(S48>=0.925,"A",IF(S48>=0.895,"A-",IF(S48>=0.865,"B+",IF(S48>=0.825,"B",IF(S48>=0.795,"B-",IF(S48>=0.765,"C+",IF(S48>=0.725,"C",IF(S48>=0.695,"C-",IF(S48>=0.665,"D+",IF(S48>=0.625,"D",IF(S48>=0.595,"D-",IF(S48<0.6,"F")))))))))))))) | U48: No | V48: =IF(ISBLANK(C48),,IFERROR(IF(VLOOKUP(B48,Standings!$A:$F, 6, 0)=VLOOKUP(C48,Standings!$A:$F, 6, 0), VLOOKUP(B48,Standings!$A:$F, 6, 0), "Non-con"), "FCS")) -> B1G | W48: =IF(ISBLANK(O48),,IF(O48>0,C48,B48)) -> Illinois | X48: =IF(ISBLANK(O48),,IF(O48<0,C48,B48)) -> Ohio State | Y48: =IF(D48=0,,IF(ISBLANK(Q48),,VLOOKUP(X48,Week12,2,FALSE)/(VLOOKUP(X48,Week12,2,FALSE)+VLOOKUP(W48,Week12,2,FALSE))+0.05)*100) -> 77.342544 | AB48: =IF(Z48<>"",(IF(Z48=B48, C48, B48)),"") | AE48: =IF(ISBLANK(AC48),,AA48-AC48) | AF48: CAN | AG48: =IF(ISBLANK(S48),,If(X48=Z48, 1, 0)) | AJ48: Delaware
A49: 7 | B49: Clemson | C49: Georgia Tech | D49: =IFERROR(VLOOKUP(B49,Week6,2,FALSE),0) -> 93.16 | E49: =IF(ISBLANK(B49),,IFERROR(VLOOKUP(B49,CurrentRank!$B$2:$C$132,2,FALSE),0)) -> 84.24 | F49: =IFERROR(VLOOKUP(B49,Week6,3,FALSE),130) -> 1 | G49: =IF(ISBLANK(B49),,IFERROR(VLOOKUP(B49,CurrentRank!$B$2:$D$132,3,FALSE),130)) -> 4 | H49: =IFERROR(VLOOKUP(C49,Week6,2,FALSE),0) -> 35.77 | I49: =IF(ISBLANK(B49),,IFERROR(VLOOKUP(C49,CurrentRank!$B$2:$C$132,2,FALSE),0)) -> 30.15 | J49: =IFERROR(VLOOKUP(C49,Week6,3,FALSE),130) -> 52 | K49: =IF(ISBLANK(C49),,IFERROR(VLOOKUP(C49,CurrentRank!$B$2:$D$132,3,FALSE),130)) -> 109 | L49: =IF(U49= "Yes", 0, IF(ISBLANK(C49),,(D49+H49)*0.015)) -> 1.93395 | M49: =IF(U49= "Yes", 0, IF(ISBLANK(D49),,(E49+I49)*0.015)) -> 1.71585 | N49: =IF(ISBLANK(C49),,(F49+J49)/2) -> 26.5 | O49: =IF(H49=0,,(D49-(H49+L49))/2) -> 27.728025 | P49: =IF(ISBLANK(C49),,(E49-(I49+L49))/2) -> 26.078025 | Q49: =IF(ISBLANK(O49),,1-((ABS(O49/2)+N49/2)/100)) -> 0.72885988 | R49: =IF(ISBLANK(Q49),,IF(Q49>=0.975,"A+",IF(Q49>=0.925,"A",IF(Q49>=0.895,"A-",IF(Q49>=0.865,"B+",IF(Q49>=0.825,"B",IF(Q49>=0.795,"B-",IF(Q49>=0.765,"C+",IF(Q49>=0.725,"C",IF(Q49>=0.695,"C-",IF(Q49>=0.665,"D+",IF(Q49>=0.625,"D",IF(Q49>=0.595,"D-",IF(Q49<0.6,"F")))))))))))))) -> C | S49: =IF(IF(H49=0,,IF(ISBLANK(AC49),,1-(((AE49/2+N49/2)-(AD49*2))/100)))>1, 1, IF(H49=0,,IF(ISBLANK(AC49),,1-(((AE49/2+N49/2)-(AD49*2))/100)))) -> 0.5375 | T49: =IF(ISBLANK(S49),,IF(S49>=0.975,"A+",IF(S49>=0.925,"A",IF(S49>=0.895,"A-",IF(S49>=0.865,"B+",IF(S49>=0.825,"B",IF(S49>=0.795,"B-",IF(S49>=0.765,"C+",IF(S49>=0.725,"C",IF(S49>=0.695,"C-",IF(S49>=0.665,"D+",IF(S49>=0.625,"D",IF(S49>=0.595,"D-",IF(S49<0.6,"F")))))))))))))) -> F | U49: No | V49: =IF(ISBLANK(C49),,IFERROR(IF(VLOOKUP(B49,Standings!$A:$F, 6, 0)=VLOOKUP(C49,Standings!$A:$F, 6, 0), VLOOKUP(B49,Standings!$A:$F, 6, 0), "Non-con"), "FCS")) -> ACC | W49: =IF(ISBLANK(O49),,IF(O49>0,C49,B49)) -> Georgia Tech | X49: =IF(ISBLANK(O49),,IF(O49<0,C49,B49)) -> Clemson | Y49: =IF(D49=0,,IF(ISBLANK(Q49),,VLOOKUP(X49,Week6,2,FALSE)/(VLOOKUP(X49,Week6,2,FALSE)+VLOOKUP(W49,Week6,2,FALSE))+0.05)*100) -> 77.256263 | Z49: Clemson | AA49: 73 | AB49: =IF(Z49<>"",(IF(Z49=B49, C49, B49)),"") -> Georgia Tech | AC49: 7 | AE49: =IF(ISBLANK(AC49),,AA49-AC49) -> 66 | AG49: =IF(ISBLANK(S49),,If(X49=Z49, 1, 0)) -> 1 | AJ49: Florida State
A50: 14 | B50: Florida | C50: Tennessee | D50: =IFERROR(VLOOKUP(B50,Week13,2,FALSE),0) -> 81.53 | E50: =IF(ISBLANK(B50),,IFERROR(VLOOKUP(B50,CurrentRank!$B$2:$C$132,2,FALSE),0)) -> 68.03 | F50: =IFERROR(VLOOKUP(B50,Week13,3,FALSE),130) -> 5 | G50: =IF(ISBLANK(B50),,IFERROR(VLOOKUP(B50,CurrentRank!$B$2:$D$132,3,FALSE),130)) -> 16 | H50: =IFERROR(VLOOKUP(C50,Week13,2,FALSE),0) -> 31.37 | I50: =IF(ISBLANK(B50),,IFERROR(VLOOKUP(C50,CurrentRank!$B$2:$C$132,2,FALSE),0)) -> 34.09 | J50: =IFERROR(VLOOKUP(C50,Week13,3,FALSE),130) -> 92 | K50: =IF(ISBLANK(C50),,IFERROR(VLOOKUP(C50,CurrentRank!$B$2:$D$132,3,FALSE),130)) -> 74 | L50: =IF(U50= "Yes", 0, IF(ISBLANK(C50),,(D50+H50)*0.015)) -> 1.6935 | M50: =IF(U50= "Yes", 0, IF(ISBLANK(D50),,(E50+I50)*0.015)) -> 1.5318 | N50: =IF(ISBLANK(C50),,(F50+J50)/2) -> 48.5 | O50: =IF(H50=0,,(D50-(H50+L50))/2) -> 24.23325 | P50: =IF(ISBLANK(C50),,(E50-(I50+L50))/2) -> 16.12325 | Q50: =IF(ISBLANK(O50),,1-((ABS(O50/2)+N50/2)/100)) -> 0.63633375 | R50: =IF(ISBLANK(Q50),,IF(Q50>=0.975,"A+",IF(Q50>=0.925,"A",IF(Q50>=0.895,"A-",IF(Q50>=0.865,"B+",IF(Q50>=0.825,"B",IF(Q50>=0.795,"B-",IF(Q50>=0.765,"C+",IF(Q50>=0.725,"C",IF(Q50>=0.695,"C-",IF(Q50>=0.665,"D+",IF(Q50>=0.625,"D",IF(Q50>=0.595,"D-",IF(Q50<0.6,"F")))))))))))))) -> D | S50: =IF(IF(H50=0,,IF(ISBLANK(AC50),,1-(((AE50/2+N50/2)-(AD50*2))/100)))>1, 1, IF(H50=0,,IF(ISBLANK(AC50),,1-(((AE50/2+N50/2)-(AD50*2))/100)))) -> 0.6975 | T50: =IF(ISBLANK(S50),,IF(S50>=0.975,"A+",IF(S50>=0.925,"A",IF(S50>=0.895,"A-",IF(S50>=0.865,"B+",IF(S50>=0.825,"B",IF(S50>=0.795,"B-",IF(S50>=0.765,"C+",IF(S50>=0.725,"C",IF(S50>=0.695,"C-",IF(S50>=0.665,"D+",IF(S50>=0.625,"D",IF(S50>=0.595,"D-",IF(S50<0.6,"F")))))))))))))) -> C- | U50: No | V50: =IF(ISBLANK(C50),,IFERROR(IF(VLOOKUP(B50,Standings!$A:$F, 6, 0)=VLOOKUP(C50,Standings!$A:$F, 6, 0), VLOOKUP(B50,Standings!$A:$F, 6, 0), "Non-con"), "FCS")) -> SEC | W50: =IF(ISBLANK(O50),,IF(O50>0,C50,B50)) -> Tennessee | X50: =IF(ISBLANK(O50),,IF(O50<0,C50,B50)) -> Florida | Y50: =IF(D50=0,,IF(ISBLANK(Q50),,VLOOKUP(X50,Week13,2,FALSE)/(VLOOKUP(X50,Week13,2,FALSE)+VLOOKUP(W50,Week13,2,FALSE))+0.05)*100) -> 77.214349 | Z50: Florida | AA50: 31 | AB50: =IF(Z50<>"",(IF(Z50=B50, C50, B50)),"") -> Tennessee | AC50: 19 | AE50: =IF(ISBLANK(AC50),,AA50-AC50) -> 12 | AG50: =IF(ISBLANK(S50),,If(X50=Z50, 1, 0)) -> 1 | AJ50: Western Michigan
A51: 8 | B51: Notre Dame | C51: Pittsburgh | D51: =IFERROR(VLOOKUP(B51,Week7,2,FALSE),0) -> 83.7 | E51: =IF(ISBLANK(B51),,IFERROR(VLOOKUP(B51,CurrentRank!$B$2:$C$132,2,FALSE),0)) -> 78.79 | F51: =IFERROR(VLOOKUP(B51,Week7,3,FALSE),130) -> 4 | G51: =IF(ISBLANK(B51),,IFERROR(VLOOKUP(B51,CurrentRank!$B$2:$D$132,3,FALSE),130)) -> 7 | H51: =IFERROR(VLOOKUP(C51,Week7,2,FALSE),0) -> 32.46 | I51: =IF(ISBLANK(B51),,IFERROR(VLOOKUP(C51,CurrentRank!$B$2:$C$132,2,FALSE),0)) -> 35.74 | J51: =IFERROR(VLOOKUP(C51,Week7,3,FALSE),130) -> 64 | K51: =IF(ISBLANK(C51),,IFERROR(VLOOKUP(C51,CurrentRank!$B$2:$D$132,3,FALSE),130)) -> 56 | L51: =IF(U51= "Yes", 0, IF(ISBLANK(C51),,(D51+H51)*0.015)) -> 1.7424 | M51: =IF(U51= "Yes", 0, IF(ISBLANK(D51),,(E51+I51)*0.015)) -> 1.71795 | N51: =IF(ISBLANK(C51),,(F51+J51)/2) -> 34 | O51: =IF(H51=0,,(D51-(H51+L51))/2) -> 24.7488 | P51: =IF(ISBLANK(C51),,(E51-(I51+L51))/2) -> 20.6538 | Q51: =IF(ISBLANK(O51),,1-((ABS(O51/2)+N51/2)/100)) -> 0.706256 | R51: =IF(ISBLANK(Q51),,IF(Q51>=0.975,"A+",IF(Q51>=0.925,"A",IF(Q51>=0.895,"A-",IF(Q51>=0.865,"B+",IF(Q51>=0.825,"B",IF(Q51>=0.795,"B-",IF(Q51>=0.765,"C+",IF(Q51>=0.725,"C",IF(Q51>=0.695,"C-",IF(Q51>=0.665,"D+",IF(Q51>=0.625,"D",IF(Q51>=0.595,"D-",IF(Q51<0.6,"F")))))))))))))) -> C- | S51: =IF(IF(H51=0,,IF(ISBLANK(AC51),,1-(((AE51/2+N51/2)-(AD51*2))/100)))>1, 1, IF(H51=0,,IF(ISBLANK(AC51),,1-(((AE51/2+N51/2)-(AD51*2))/100)))) -> 0.62 | T51: =IF(ISBLANK(S51),,IF(S51>=0.975,"A+",IF(S51>=0.925,"A",IF(S51>=0.895,"A-",IF(S51>=0.865,"B+",IF(S51>=0.825,"B",IF(S51>=0.795,"B-",IF(S51>=0.765,"C+",IF(S51>=0.725,"C",IF(S51>=0.695,"C-",IF(S51>=0.665,"D+",IF(S51>=0.625,"D",IF(S51>=0.595,"D-",IF(S51<0.6,"F")))))))))))))) -> D- | U51: No | V51: =IF(ISBLANK(C51),,IFERROR(IF(VLOOKUP(B51,Standings!$A:$F, 6, 0)=VLOOKUP(C51,Standings!$A:$F, 6, 0), VLOOKUP(B51,Standings!$A:$F, 6, 0), "Non-con"), "FCS")) -> ACC | W51: =IF(ISBLANK(O51),,IF(O51>0,C51,B51)) -> Pittsburgh | X51: =IF(ISBLANK(O51),,IF(O51<0,C51,B51)) -> Notre Dame | Y51: =IF(D51=0,,IF(ISBLANK(Q51),,VLOOKUP(X51,Week7,2,FALSE)/(VLOOKUP(X51,Week7,2,FALSE)+VLOOKUP(W51,Week7,2,FALSE))+0.05)*100) -> 77.055785 | Z51: Notre Dame | AA51: 45 | AB51: =IF(Z51<>"",(IF(Z51=B51, C51, B51)),"") -> Pittsburgh | AC51: 3 | AE51: =IF(ISBLANK(AC51),,AA51-AC51) -> 42 | AG51: =IF(ISBLANK(S51),,If(X51=Z51, 1, 0)) -> 1
A52: 4 | B52: Florida State | C52: Miami | D52: =IFERROR(VLOOKUP(B52,Week3,2,FALSE),0) -> 31.14 | E52: =IF(ISBLANK(B52),,IFERROR(VLOOKUP(B52,CurrentRank!$B$2:$C$132,2,FALSE),0)) -> 32.08 | F52: =IFERROR(VLOOKUP(B52,Week3,3,FALSE),130) -> 50 | G52: =IF(ISBLANK(B52),,IFERROR(VLOOKUP(B52,CurrentRank!$B$2:$D$132,3,FALSE),130)) -> 93 | H52: =IFERROR(VLOOKUP(C52,Week3,2,FALSE),0) -> 80.21 | I52: =IF(ISBLANK(B52),,IFERROR(VLOOKUP(C52,CurrentRank!$B$2:$C$132,2,FALSE),0)) -> 57.15 | J52: =IFERROR(VLOOKUP(C52,Week3,3,FALSE),130) -> 3 | K52: =IF(ISBLANK(C52),,IFERROR(VLOOKUP(C52,CurrentRank!$B$2:$D$132,3,FALSE),130)) -> 23 | L52: =IF(U52= "Yes", 0, IF(ISBLANK(C52),,(D52+H52)*0.015)) -> 1.67025 | M52: =IF(U52= "Yes", 0, IF(ISBLANK(D52),,(E52+I52)*0.015)) -> 1.33845 | N52: =IF(ISBLANK(C52),,(F52+J52)/2) -> 26.5 | O52: =IF(H52=0,,(D52-(H52+L52))/2) -> -25.370125 | P52: =IF(ISBLANK(C52),,(E52-(I52+L52))/2) -> -13.370125 | Q52: =IF(ISBLANK(O52),,1-((ABS(O52/2)+N52/2)/100)) -> 0.74064938 | R52: =IF(ISBLANK(Q52),,IF(Q52>=0.975,"A+",IF(Q52>=0.925,"A",IF(Q52>=0.895,"A-",IF(Q52>=0.865,"B+",IF(Q52>=0.825,"B",IF(Q52>=0.795,"B-",IF(Q52>=0.765,"C+",IF(Q52>=0.725,"C",IF(Q52>=0.695,"C-",IF(Q52>=0.665,"D+",IF(Q52>=0.625,"D",IF(Q52>=0.595,"D-",IF(Q52<0.6,"F")))))))))))))) -> C | S52: =IF(IF(H52=0,,IF(ISBLANK(AC52),,1-(((AE52/2+N52/2)-(AD52*2))/100)))>1, 1, IF(H52=0,,IF(ISBLANK(AC52),,1-(((AE52/2+N52/2)-(AD52*2))/100)))) -> 0.6575 | T52: =IF(ISBLANK(S52),,IF(S52>=0.975,"A+",IF(S52>=0.925,"A",IF(S52>=0.895,"A-",IF(S52>=0.865,"B+",IF(S52>=0.825,"B",IF(S52>=0.795,"B-",IF(S52>=0.765,"C+",IF(S52>=0.725,"C",IF(S52>=0.695,"C-",IF(S52>=0.665,"D+",IF(S52>=0.625,"D",IF(S52>=0.595,"D-",IF(S52<0.6,"F")))))))))))))) -> D | U52: No | V52: =IF(ISBLANK(C52),,IFERROR(IF(VLOOKUP(B52,Standings!$A:$F, 6, 0)=VLOOKUP(C52,Standings!$A:$F, 6, 0), VLOOKUP(B52,Standings!$A:$F, 6, 0), "Non-con"), "FCS")) -> ACC | W52: =IF(ISBLANK(O52),,IF(O52>0,C52,B52)) -> Florida State | X52: =IF(ISBLANK(O52),,IF(O52<0,C52,B52)) -> Miami | Y52: =IF(D52=0,,IF(ISBLANK(Q52),,VLOOKUP(X52,Week3,2,FALSE)/(VLOOKUP(X52,Week3,2,FALSE)+VLOOKUP(W52,Week3,2,FALSE))+0.05)*100) -> 77.034127 | Z52: Miami | AA52: 52 | AB52: =IF(Z52<>"",(IF(Z52=B52, C52, B52)),"") -> Florida State | AC52: 10 | AE52: =IF(ISBLANK(AC52),,AA52-AC52) -> 42 | AG52: =IF(ISBLANK(S52),,If(X52=Z52, 1, 0)) -> 1
A53: 8 | B53: Texas State | C53: BYU | D53: =IFERROR(VLOOKUP(B53,Week7,2,FALSE),0) -> 29.99 | E53: =IF(ISBLANK(B53),,IFERROR(VLOOKUP(B53,CurrentRank!$B$2:$C$132,2,FALSE),0)) -> 28.86 | F53: =IFERROR(VLOOKUP(B53,Week7,3,FALSE),130) -> 120 | G53: =IF(ISBLANK(B53),,IFERROR(VLOOKUP(B53,CurrentRank!$B$2:$D$132,3,FALSE),130)) -> 119 | H53: =IFERROR(VLOOKUP(C53,Week7,2,FALSE),0) -> 77.19 | I53: =IF(ISBLANK(B53),,IFERROR(VLOOKUP(C53,CurrentRank!$B$2:$C$132,2,FALSE),0)) -> 69.33 | J53: =IFERROR(VLOOKUP(C53,Week7,3,FALSE),130) -> 6 | K53: =IF(ISBLANK(C53),,IFERROR(VLOOKUP(C53,CurrentRank!$B$2:$D$132,3,FALSE),130)) -> 15 | L53: =IF(U53= "Yes", 0, IF(ISBLANK(C53),,(D53+H53)*0.015)) -> 1.6077 | M53: =IF(U53= "Yes", 0, IF(ISBLANK(D53),,(E53+I53)*0.015)) -> 1.47285 | N53: =IF(ISBLANK(C53),,(F53+J53)/2) -> 63 | O53: =IF(H53=0,,(D53-(H53+L53))/2) -> -24.40385 | P53: =IF(ISBLANK(C53),,(E53-(I53+L53))/2) -> -21.03885 | Q53: =IF(ISBLANK(O53),,1-((ABS(O53/2)+N53/2)/100)) -> 0.56298075 | R53: =IF(ISBLANK(Q53),,IF(Q53>=0.975,"A+",IF(Q53>=0.925,"A",IF(Q53>=0.895,"A-",IF(Q53>=0.865,"B+",IF(Q53>=0.825,"B",IF(Q53>=0.795,"B-",IF(Q53>=0.765,"C+",IF(Q53>=0.725,"C",IF(Q53>=0.695,"C-",IF(Q53>=0.665,"D+",IF(Q53>=0.625,"D",IF(Q53>=0.595,"D-",IF(Q53<0.6,"F")))))))))))))) -> F | S53: =IF(IF(H53=0,,IF(ISBLANK(AC53),,1-(((AE53/2+N53/2)-(AD53*2))/100)))>1, 1, IF(H53=0,,IF(ISBLANK(AC53),,1-(((AE53/2+N53/2)-(AD53*2))/100)))) -> 0.495 | T53: =IF(ISBLANK(S53),,IF(S53>=0.975,"A+",IF(S53>=0.925,"A",IF(S53>=0.895,"A-",IF(S53>=0.865,"B+",IF(S53>=0.825,"B",IF(S53>=0.795,"B-",IF(S53>=0.765,"C+",IF(S53>=0.725,"C",IF(S53>=0.695,"C-",IF(S53>=0.665,"D+",IF(S53>=0.625,"D",IF(S53>=0.595,"D-",IF(S53<0.6,"F")))))))))))))) -> F | U53: No | V53: =IF(ISBLANK(C53),,IFERROR(IF(VLOOKUP(B53,Standings!$A:$F, 6, 0)=VLOOKUP(C53,Standings!$A:$F, 6, 0), VLOOKUP(B53,Standings!$A:$F, 6, 0), "Non-con"), "FCS")) -> Non-con | W53: =IF(ISBLANK(O53),,IF(O53>0,C53,B53)) -> Texas State | X53: =IF(ISBLANK(O53),,IF(O53<0,C53,B53)) -> BYU | Y53: =IF(D53=0,,IF(ISBLANK(Q53),,VLOOKUP(X53,Week7,2,FALSE)/(VLOOKUP(X53,Week7,2,FALSE)+VLOOKUP(W53,Week7,2,FALSE))+0.05)*100) -> 77.019033 | Z53: BYU | AA53: 52 | AB53: =IF(Z53<>"",(IF(Z53=B53, C53, B53)),"") -> Texas State | AC53: 14 | AE53: =IF(ISBLANK(AC53),,AA53-AC53) -> 38 | AG53: =IF(ISBLANK(S53),,If(X53=Z53, 1, 0)) -> 1
A54: 11 | B54: Indiana | C54: Michigan State | D54: =IFERROR(VLOOKUP(B54,Week10,2,FALSE),0) -> 76.68 | E54: =IF(ISBLANK(B54),,IFERROR(VLOOKUP(B54,CurrentRank!$B$2:$C$132,2,FALSE),0)) -> 69.98 | F54: =IFERROR(VLOOKUP(B54,Week10,3,FALSE),130) -> 9 | G54: =IF(ISBLANK(B54),,IFERROR(VLOOKUP(B54,CurrentRank!$B$2:$D$132,3,FALSE),130)) -> 13 | H54: =IFERROR(VLOOKUP(C54,Week10,2,FALSE),0) -> 29.89 | I54: =IF(ISBLANK(B54),,IFERROR(VLOOKUP(C54,CurrentRank!$B$2:$C$132,2,FALSE),0)) -> 29.42 | J54: =IFERROR(VLOOKUP(C54,Week10,3,FALSE),130) -> 105 | K54: =IF(ISBLANK(C54),,IFERROR(VLOOKUP(C54,CurrentRank!$B$2:$D$132,3,FALSE),130)) -> 114 | L54: =IF(U54= "Yes", 0, IF(ISBLANK(C54),,(D54+H54)*0.015)) -> 1.59855 | M54: =IF(U54= "Yes", 0, IF(ISBLANK(D54),,(E54+I54)*0.015)) -> 1.491 | N54: =IF(ISBLANK(C54),,(F54+J54)/2) -> 57 | O54: =IF(H54=0,,(D54-(H54+L54))/2) -> 22.595725 | P54: =IF(ISBLANK(C54),,(E54-(I54+L54))/2) -> 19.480725 | Q54: =IF(ISBLANK(O54),,1-((ABS(O54/2)+N54/2)/100)) -> 0.60202137 | R54: =IF(ISBLANK(Q54),,IF(Q54>=0.975,"A+",IF(Q54>=0.925,"A",IF(Q54>=0.895,"A-",IF(Q54>=0.865,"B+",IF(Q54>=0.825,"B",IF(Q54>=0.795,"B-",IF(Q54>=0.765,"C+",IF(Q54>=0.725,"C",IF(Q54>=0.695,"C-",IF(Q54>=0.665,"D+",IF(Q54>=0.625,"D",IF(Q54>=0.595,"D-",IF(Q54<0.6,"F")))))))))))))) -> D- | S54: =IF(IF(H54=0,,IF(ISBLANK(AC54),,1-(((AE54/2+N54/2)-(AD54*2))/100)))>1, 1, IF(H54=0,,IF(ISBLANK(AC54),,1-(((AE54/2+N54/2)-(AD54*2))/100)))) -> 0.595 | T54: =IF(ISBLANK(S54),,IF(S54>=0.975,"A+",IF(S54>=0.925,"A",IF(S54>=0.895,"A-",IF(S54>=0.865,"B+",IF(S54>=0.825,"B",IF(S54>=0.795,"B-",IF(S54>=0.765,"C+",IF(S54>=0.725,"C",IF(S54>=0.695,"C-",IF(S54>=0.665,"D+",IF(S54>=0.625,"D",IF(S54>=0.595,"D-",IF(S54<0.6,"F")))))))))))))) -> D- | U54: No | V54: =IF(ISBLANK(C54),,IFERROR(IF(VLOOKUP(B54,Standings!$A:$F, 6, 0)=VLOOKUP(C54,Standings!$A:$F, 6, 0), VLOOKUP(B54,Standings!$A:$F, 6, 0), "Non-con"), "FCS")) -> B1G | W54: =IF(ISBLANK(O54),,IF(O54>0,C54,B54)) -> Michigan State | X54: =IF(ISBLANK(O54),,IF(O54<0,C54,B54)) -> Indiana | Y54: =IF(D54=0,,IF(ISBLANK(Q54),,VLOOKUP(X54,Week10,2,FALSE)/(VLOOKUP(X54,Week10,2,FALSE)+VLOOKUP(W54,Week10,2,FALSE))+0.05)*100) -> 76.952707 | Z54: Indiana | AA54: 24 | AB54: =IF(Z54<>"",(IF(Z54=B54, C54, B54)),"") -> Michigan State | AC54: 0 | AE54: =IF(ISBLANK(AC54),,AA54-AC54) -> 24 | AG54: =IF(ISBLANK(S54),,If(X54=Z54, 1, 0)) -> 1
A55: 11 | B55: East Carolina | C55: Cincinnati | D55: =IFERROR(VLOOKUP(B55,Week10,2,FALSE),0) -> 31.62 | E55: =IF(ISBLANK(B55),,IFERROR(VLOOKUP(B55,CurrentRank!$B$2:$C$132,2,FALSE),0)) -> 32.94 | F55: =IFERROR(VLOOKUP(B55,Week10,3,FALSE),130) -> 85 | G55: =IF(ISBLANK(B55),,IFERROR(VLOOKUP(B55,CurrentRank!$B$2:$D$132,3,FALSE),130)) -> 87 | H55: =IFERROR(VLOOKUP(C55,Week10,2,FALSE),0) -> 80.98 | I55: =IF(ISBLANK(B55),,IFERROR(VLOOKUP(C55,CurrentRank!$B$2:$C$132,2,FALSE),0)) -> 72.9 | J55: =IFERROR(VLOOKUP(C55,Week10,3,FALSE),130) -> 5 | K55: =IF(ISBLANK(C55),,IFERROR(VLOOKUP(C55,CurrentRank!$B$2:$D$132,3,FALSE),130)) -> 9 | L55: =IF(U55= "Yes", 0, IF(ISBLANK(C55),,(D55+H55)*0.015)) -> 1.689 | M55: =IF(U55= "Yes", 0, IF(ISBLANK(D55),,(E55+I55)*0.015)) -> 1.5876 | N55: =IF(ISBLANK(C55),,(F55+J55)/2) -> 45 | O55: =IF(H55=0,,(D55-(H55+L55))/2) -> -25.5245 | P55: =IF(ISBLANK(C55),,(E55-(I55+L55))/2) -> -20.8245 | Q55: =IF(ISBLANK(O55),,1-((ABS(O55/2)+N55/2)/100)) -> 0.6473775 | R55: =IF(ISBLANK(Q55),,IF(Q55>=0.975,"A+",IF(Q55>=0.925,"A",IF(Q55>=0.895,"A-",IF(Q55>=0.865,"B+",IF(Q55>=0.825,"B",IF(Q55>=0.795,"B-",IF(Q55>=0.765,"C+",IF(Q55>=0.725,"C",IF(Q55>=0.695,"C-",IF(Q55>=0.665,"D+",IF(Q55>=0.625,"D",IF(Q55>=0.595,"D-",IF(Q55<0.6,"F")))))))))))))) -> D | S55: =IF(IF(H55=0,,IF(ISBLANK(AC55),,1-(((AE55/2+N55/2)-(AD55*2))/100)))>1, 1, IF(H55=0,,IF(ISBLANK(AC55),,1-(((AE55/2+N55/2)-(AD55*2))/100)))) -> 0.585 | T55: =IF(ISBLANK(S55),,IF(S55>=0.975,"A+",IF(S55>=0.925,"A",IF(S55>=0.895,"A-",IF(S55>=0.865,"B+",IF(S55>=0.825,"B",IF(S55>=0.795,"B-",IF(S55>=0.765,"C+",IF(S55>=0.725,"C",IF(S55>=0.695,"C-",IF(S55>=0.665,"D+",IF(S55>=0.625,"D",IF(S55>=0.595,"D-",IF(S55<0.6,"F")))))))))))))) -> F | U55: No | V55: =IF(ISBLANK(C55),,IFERROR(IF(VLOOKUP(B55,Standings!$A:$F, 6, 0)=VLOOKUP(C55,Standings!$A:$F, 6, 0), VLOOKUP(B55,Standings!$A:$F, 6, 0), "Non-con"), "FCS")) -> AAC | W55: =IF(ISBLANK(O55),,IF(O55>0,C55,B55)) -> East Carolina | X55: =IF(ISBLANK(O55),,IF(O55<0,C55,B55)) -> Cincinnati | Y55: =IF(D55=0,,IF(ISBLANK(Q55),,VLOOKUP(X55,Week10,2,FALSE)/(VLOOKUP(X55,Week10,2,FALSE)+VLOOKUP(W55,Week10,2,FALSE))+0.05)*100) -> 76.918295 | Z55: Cincinnati | AA55: 55 | AB55: =IF(Z55<>"",(IF(Z55=B55, C55, B55)),"") -> East Carolina | AC55: 17 | AE55: =IF(ISBLANK(AC55),,AA55-AC55) -> 38 | AG55: =IF(ISBLANK(S55),,If(X55=Z55, 1, 0)) -> 1
A56: 4 | B56: Central Florida | C56: East Carolina | D56: =IFERROR(VLOOKUP(B56,Week3,2,FALSE),0) -> 78.85 | E56: =IF(ISBLANK(B56),,IFERROR(VLOOKUP(B56,CurrentRank!$B$2:$C$132,2,FALSE),0)) -> 41.86 | F56: =IFERROR(VLOOKUP(B56,Week3,3,FALSE),130) -> 4 | G56: =IF(ISBLANK(B56),,IFERROR(VLOOKUP(B56,CurrentRank!$B$2:$D$132,3,FALSE),130)) -> 30 | H56: =IFERROR(VLOOKUP(C56,Week3,2,FALSE),0) -> 31.02 | I56: =IF(ISBLANK(B56),,IFERROR(VLOOKUP(C56,CurrentRank!$B$2:$C$132,2,FALSE),0)) -> 32.94 | J56: =IFERROR(VLOOKUP(C56,Week3,3,FALSE),130) -> 51 | K56: =IF(ISBLANK(C56),,IFERROR(VLOOKUP(C56,CurrentRank!$B$2:$D$132,3,FALSE),130)) -> 87 | L56: =IF(U56= "Yes", 0, IF(ISBLANK(C56),,(D56+H56)*0.015)) -> 1.64805 | M56: =IF(U56= "Yes", 0, IF(ISBLANK(D56),,(E56+I56)*0.015)) -> 1.122 | N56: =IF(ISBLANK(C56),,(F56+J56)/2) -> 27.5 | O56: =IF(H56=0,,(D56-(H56+L56))/2) -> 23.090975 | P56: =IF(ISBLANK(C56),,(E56-(I56+L56))/2) -> 3.635975 | Q56: =IF(ISBLANK(O56),,1-((ABS(O56/2)+N56/2)/100)) -> 0.74704512 | R56: =IF(ISBLANK(Q56),,IF(Q56>=0.975,"A+",IF(Q56>=0.925,"A",IF(Q56>=0.895,"A-",IF(Q56>=0.865,"B+",IF(Q56>=0.825,"B",IF(Q56>=0.795,"B-",IF(Q56>=0.765,"C+",IF(Q56>=0.725,"C",IF(Q56>=0.695,"C-",IF(Q56>=0.665,"D+",IF(Q56>=0.625,"D",IF(Q56>=0.595,"D-",IF(Q56<0.6,"F")))))))))))))) -> C | S56: =IF(IF(H56=0,,IF(ISBLANK(AC56),,1-(((AE56/2+N56/2)-(AD56*2))/100)))>1, 1, IF(H56=0,,IF(ISBLANK(AC56),,1-(((AE56/2+N56/2)-(AD56*2))/100)))) -> 0.7475 | T56: =IF(ISBLANK(S56),,IF(S56>=0.975,"A+",IF(S56>=0.925,"A",IF(S56>=0.895,"A-",IF(S56>=0.865,"B+",IF(S56>=0.825,"B",IF(S56>=0.795,"B-",IF(S56>=0.765,"C+",IF(S56>=0.725,"C",IF(S56>=0.695,"C-",IF(S56>=0.665,"D+",IF(S56>=0.625,"D",IF(S56>=0.595,"D-",IF(S56<0.6,"F")))))))))))))) -> C | U56: No | V56: =IF(ISBLANK(C56),,IFERROR(IF(VLOOKUP(B56,Standings!$A:$F, 6, 0)=VLOOKUP(C56,Standings!$A:$F, 6, 0), VLOOKUP(B56,Standings!$A:$F, 6, 0), "Non-con"), "FCS")) -> AAC | W56: =IF(ISBLANK(O56),,IF(O56>0,C56,B56)) -> East Carolina | X56: =IF(ISBLANK(O56),,IF(O56<0,C56,B56)) -> Central Florida | Y56: =IF(D56=0,,IF(ISBLANK(Q56),,VLOOKUP(X56,Week3,2,FALSE)/(VLOOKUP(X56,Week3,2,FALSE)+VLOOKUP(W56,Week3,2,FALSE))+0.05)*100) -> 76.766633 | Z56: Central Florida | AA56: 51 | AB56: =IF(Z56<>"",(IF(Z56=B56, C56, B56)),"") -> East Carolina | AC56: 28 | AE56: =IF(ISBLANK(AC56),,AA56-AC56) -> 23 | AG56: =IF(ISBLANK(S56),,If(X56=Z56, 1, 0)) -> 1
A57: 7 | B57: Coastal Carolina | C57: UL-Lafayette | D57: =IFERROR(VLOOKUP(B57,Week6,2,FALSE),0) -> 48.97 | E57: =IF(ISBLANK(B57),,IFERROR(VLOOKUP(B57,CurrentRank!$B$2:$C$132,2,FALSE),0)) -> 69.98 | F57: =IFERROR(VLOOKUP(B57,Week6,3,FALSE),130) -> 24 | G57: =IF(ISBLANK(B57),,IFERROR(VLOOKUP(B57,CurrentRank!$B$2:$D$132,3,FALSE),130)) -> 13 | H57: =IFERROR(VLOOKUP(C57,Week6,2,FALSE),0) -> 72.23 | I57: =IF(ISBLANK(B57),,IFERROR(VLOOKUP(C57,CurrentRank!$B$2:$C$132,2,FALSE),0)) -> 72.87 | J57: =IFERROR(VLOOKUP(C57,Week6,3,FALSE),130) -> 9 | K57: =IF(ISBLANK(C57),,IFERROR(VLOOKUP(C57,CurrentRank!$B$2:$D$132,3,FALSE),130)) -> 10 | L57: =IF(U57= "Yes", 0, IF(ISBLANK(C57),,(D57+H57)*0.015)) -> 1.818 | M57: =IF(U57= "Yes", 0, IF(ISBLANK(D57),,(E57+I57)*0.015)) -> 2.14275 | N57: =IF(ISBLANK(C57),,(F57+J57)/2) -> 16.5 | O57: =IF(H57=0,,(D57-(H57+L57))/2) -> -12.539 | P57: =IF(ISBLANK(C57),,(E57-(I57+L57))/2) -> -2.354 | Q57: =IF(ISBLANK(O57),,1-((ABS(O57/2)+N57/2)/100)) -> 0.854805 | R57: =IF(ISBLANK(Q57),,IF(Q57>=0.975,"A+",IF(Q57>=0.925,"A",IF(Q57>=0.895,"A-",IF(Q57>=0.865,"B+",IF(Q57>=0.825,"B",IF(Q57>=0.795,"B-",IF(Q57>=0.765,"C+",IF(Q57>=0.725,"C",IF(Q57>=0.695,"C-",IF(Q57>=0.665,"D+",IF(Q57>=0.625,"D",IF(Q57>=0.595,"D-",IF(Q57<0.6,"F")))))))))))))) -> B | S57: =IF(IF(H57=0,,IF(ISBLANK(AC57),,1-(((AE57/2+N57/2)-(AD57*2))/100)))>1, 1, IF(H57=0,,IF(ISBLANK(AC57),,1-(((AE57/2+N57/2)-(AD57*2))/100)))) -> 0.9025 | T57: =IF(ISBLANK(S57),,IF(S57>=0.975,"A+",IF(S57>=0.925,"A",IF(S57>=0.895,"A-",IF(S57>=0.865,"B+",IF(S57>=0.825,"B",IF(S57>=0.795,"B-",IF(S57>=0.765,"C+",IF(S57>=0.725,"C",IF(S57>=0.695,"C-",IF(S57>=0.665,"D+",IF(S57>=0.625,"D",IF(S57>=0.595,"D-",IF(S57<0.6,"F")))))))))))))) -> A- | U57: No | V57: =IF(ISBLANK(C57),,IFERROR(IF(VLOOKUP(B57,Standings!$A:$F, 6, 0)=VLOOKUP(C57,Standings!$A:$F, 6, 0), VLOOKUP(B57,Standings!$A:$F, 6, 0), "Non-con"), "FCS")) -> SUN | W57: =IF(ISBLANK(O57),,IF(O57>0,C57,B57)) -> Coastal Carolina | X57: =IF(ISBLANK(O57),,IF(O57<0,C57,B57)) -> UL-Lafayette | Y57: =IF(D57=0,,IF(ISBLANK(Q57),,VLOOKUP(X57,Week6,2,FALSE)/(VLOOKUP(X57,Week6,2,FALSE)+VLOOKUP(W57,Week6,2,FALSE))+0.05)*100) -> 64.59571 | Z57: Coastal Carolina | AA57: 30 | AB57: =IF(Z57<>"",(IF(Z57=B57, C57, B57)),"") -> UL-Lafayette | AC57: 27 | AE57: =IF(ISBLANK(AC57),,AA57-AC57) -> 3 | AG57: =IF(ISBLANK(S57),,If(X57=Z57, 1, 0)) -> 0
A58: 12 | B58: Kentucky | C58: Alabama | D58: =IFERROR(VLOOKUP(B58,Week11,2,FALSE),0) -> 36.98 | E58: =IF(ISBLANK(B58),,IFERROR(VLOOKUP(B58,CurrentRank!$B$2:$C$132,2,FALSE),0)) -> 36.94 | F58: =IFERROR(VLOOKUP(B58,Week11,3,FALSE),130) -> 52 | G58: =IF(ISBLANK(B58),,IFERROR(VLOOKUP(B58,CurrentRank!$B$2:$D$132,3,FALSE),130)) -> 47 | H58: =IFERROR(VLOOKUP(C58,Week11,2,FALSE),0) -> 93.72 | I58: =IF(ISBLANK(B58),,IFERROR(VLOOKUP(C58,CurrentRank!$B$2:$C$132,2,FALSE),0)) -> 96.59 | J58: =IFERROR(VLOOKUP(C58,Week11,3,FALSE),130) -> 1 | K58: =IF(ISBLANK(C58),,IFERROR(VLOOKUP(C58,CurrentRank!$B$2:$D$132,3,FALSE),130)) -> 1 | L58: =IF(U58= "Yes", 0, IF(ISBLANK(C58),,(D58+H58)*0.015)) -> 1.9605 | M58: =IF(U58= "Yes", 0, IF(ISBLANK(D58),,(E58+I58)*0.015)) -> 2.00295 | N58: =IF(ISBLANK(C58),,(F58+J58)/2) -> 26.5 | O58: =IF(H58=0,,(D58-(H58+L58))/2) -> -29.35025 | P58: =IF(ISBLANK(C58),,(E58-(I58+L58))/2) -> -30.80525 | Q58: =IF(ISBLANK(O58),,1-((ABS(O58/2)+N58/2)/100)) -> 0.72074875 | R58: =IF(ISBLANK(Q58),,IF(Q58>=0.975,"A+",IF(Q58>=0.925,"A",IF(Q58>=0.895,"A-",IF(Q58>=0.865,"B+",IF(Q58>=0.825,"B",IF(Q58>=0.795,"B-",IF(Q58>=0.765,"C+",IF(Q58>=0.725,"C",IF(Q58>=0.695,"C-",IF(Q58>=0.665,"D+",IF(Q58>=0.625,"D",IF(Q58>=0.595,"D-",IF(Q58<0.6,"F")))))))))))))) -> C- | S58: =IF(IF(H58=0,,IF(ISBLANK(AC58),,1-(((AE58/2+N58/2)-(AD58*2))/100)))>1, 1, IF(H58=0,,IF(ISBLANK(AC58),,1-(((AE58/2+N58/2)-(AD58*2))/100)))) -> 0.5675 | T58: =IF(ISBLANK(S58),,IF(S58>=0.975,"A+",IF(S58>=0.925,"A",IF(S58>=0.895,"A-",IF(S58>=0.865,"B+",IF(S58>=0.825,"B",IF(S58>=0.795,"B-",IF(S58>=0.765,"C+",IF(S58>=0.725,"C",IF(S58>=0.695,"C-",IF(S58>=0.665,"D+",IF(S58>=0.625,"D",IF(S58>=0.595,"D-",IF(S58<0.6,"F")))))))))))))) -> F | U58: No | V58: =IF(ISBLANK(C58),,IFERROR(IF(VLOOKUP(B58,Standings!$A:$F, 6, 0)=VLOOKUP(C58,Standings!$A:$F, 6, 0), VLOOKUP(B58,Standings!$A:$F, 6, 0), "Non-con"), "FCS")) -> SEC | W58: =IF(ISBLANK(O58),,IF(O58>0,C58,B58)) -> Kentucky | X58: =IF(ISBLANK(O58),,IF(O58<0,C58,B58)) -> Alabama | Y58: =IF(D58=0,,IF(ISBLANK(Q58),,VLOOKUP(X58,Week11,2,FALSE)/(VLOOKUP(X58,Week11,2,FALSE)+VLOOKUP(W58,Week11,2,FALSE))+0.05)*100) -> 76.706197 | Z58: Alabama | AA58: 63 | AB58: =IF(Z58<>"",(IF(Z58=B58, C58, B58)),"") -> Kentucky | AC58: 3 | AE58: =IF(ISBLANK(AC58),,AA58-AC58) -> 60 | AG58: =IF(ISBLANK(S58),,If(X58=Z58, 1, 0)) -> 1
A59: 11 | B59: Texas A&M | C59: Tennessee | D59: =IFERROR(VLOOKUP(B59,CurrentRank!$B$2:$C$132,2,FALSE),0) -> 85.31 | E59: =IF(ISBLANK(B59),,IFERROR(VLOOKUP(B59,CurrentRank!$B$2:$C$132,2,FALSE),0)) -> 85.31 | F59: =IFERROR(VLOOKUP(B59,Week10,3,FALSE),130) -> 6 | G59: =IF(ISBLANK(B59),,IFERROR(VLOOKUP(B59,CurrentRank!$B$2:$D$132,3,FALSE),130)) -> 3 | H59: =IFERROR(VLOOKUP(C59,CurrentRank!$B$2:$C$132,2,FALSE),0) -> 34.09 | I59: =IF(ISBLANK(B59),,IFERROR(VLOOKUP(C59,CurrentRank!$B$2:$C$132,2,FALSE),0)) -> 34.09 | J59: =IFERROR(VLOOKUP(C59,Week10,3,FALSE),130) -> 82 | K59: =IF(ISBLANK(C59),,IFERROR(VLOOKUP(C59,CurrentRank!$B$2:$D$132,3,FALSE),130)) -> 74 | L59: =IF(ISBLANK(C59),,(D59+H59)*0.015) -> 1.791 | M59: =IF(ISBLANK(D59),,(E59+I59)*0.015) -> 1.791 | N59: =IF(ISBLANK(C59),,(F59+J59)/2) -> 44 | O59: =IF(H59=0,,(D59-(H59+L59))/2) -> 24.7145 | P59: =IF(ISBLANK(C59),,(E59-(I59+L59))/2) -> 24.7145 | Q59: =IF(ISBLANK(O59),,1-((ABS(O59/2)+N59/2)/100)) -> 0.6564275 | R59: =IF(ISBLANK(Q59),,IF(Q59>=0.975,"A+",IF(Q59>=0.925,"A",IF(Q59>=0.895,"A-",IF(Q59>=0.865,"B+",IF(Q59>=0.825,"B",IF(Q59>=0.795,"B-",IF(Q59>=0.765,"C+",IF(Q59>=0.725,"C",IF(Q59>=0.695,"C-",IF(Q59>=0.665,"D+",IF(Q59>=0.625,"D",IF(Q59>=0.595,"D-",IF(Q59<0.6,"F")))))))))))))) -> D | S59: =IF(IF(H59=0,,IF(ISBLANK(AC59),,1-(((AE59/2+N59/2)-(AD59*2))/100)))>1, 1, IF(H59=0,,IF(ISBLANK(AC59),,1-(((AE59/2+N59/2)-(AD59*2))/100)))) | T59: =IF(ISBLANK(S59),,IF(S59>=0.975,"A+",IF(S59>=0.925,"A",IF(S59>=0.895,"A-",IF(S59>=0.865,"B+",IF(S59>=0.825,"B",IF(S59>=0.795,"B-",IF(S59>=0.765,"C+",IF(S59>=0.725,"C",IF(S59>=0.695,"C-",IF(S59>=0.665,"D+",IF(S59>=0.625,"D",IF(S59>=0.595,"D-",IF(S59<0.6,"F")))))))))))))) | U59: No | V59: =IFERROR(IF(VLOOKUP(B59,Standings!$A:$F, 6, 0)=VLOOKUP(C59,Standings!$A:$F, 6, 0), VLOOKUP(B59,Standings!$A:$F, 6, 0), "Non-con"), "FCS") -> SEC | W59: =IF(ISBLANK(O59),,IF(O59>0,C59,B59)) -> Tennessee | X59: =IF(ISBLANK(O59),,IF(O59<0,C59,B59)) -> Texas A&M | Y59: =IF(D59=0,,IF(ISBLANK(Q59),,VLOOKUP(X59,Week10,2,FALSE)/(VLOOKUP(X59,Week10,2,FALSE)+VLOOKUP(W59,Week10,2,FALSE))+0.05)*100) -> 76.640597 | AB59: =IF(Z59<>"",(IF(Z59=B59, C59, B59)),"") | AE59: =IF(ISBLANK(AC59),,AA59-AC59) | AF59: PPD | AG59: =IF(ISBLANK(S59),,If(X59=Z59, 1, 0))
A60: 5 | B60: Missouri | C60: Tennessee | D60: =IFERROR(VLOOKUP(B60,Week4,2,FALSE),0) -> 24.83 | E60: =IF(ISBLANK(B60),,IFERROR(VLOOKUP(B60,CurrentRank!$B$2:$C$132,2,FALSE),0)) -> 36.59 | F60: =IFERROR(VLOOKUP(B60,Week4,3,FALSE),130) -> 126 | G60: =IF(ISBLANK(B60),,IFERROR(VLOOKUP(B60,CurrentRank!$B$2:$D$132,3,FALSE),130)) -> 51 | H60: =IFERROR(VLOOKUP(C60,Week4,2,FALSE),0) -> 61.83 | I60: =IF(ISBLANK(B60),,IFERROR(VLOOKUP(C60,CurrentRank!$B$2:$C$132,2,FALSE),0)) -> 34.09 | J60: =IFERROR(VLOOKUP(C60,Week4,3,FALSE),130) -> 19 | K60: =IF(ISBLANK(C60),,IFERROR(VLOOKUP(C60,CurrentRank!$B$2:$D$132,3,FALSE),130)) -> 74 | L60: =IF(U60= "Yes", 0, IF(ISBLANK(C60),,(D60+H60)*0.015)) -> 1.2999 | M60: =IF(U60= "Yes", 0, IF(ISBLANK(D60),,(E60+I60)*0.015)) -> 1.0602 | N60: =IF(ISBLANK(C60),,(F60+J60)/2) -> 72.5 | O60: =IF(H60=0,,(D60-(H60+L60))/2) -> -19.14995 | P60: =IF(ISBLANK(C60),,(E60-(I60+L60))/2) -> 0.60005 | Q60: =IF(ISBLANK(O60),,1-((ABS(O60/2)+N60/2)/100)) -> 0.54175025 | R60: =IF(ISBLANK(Q60),,IF(Q60>=0.975,"A+",IF(Q60>=0.925,"A",IF(Q60>=0.895,"A-",IF(Q60>=0.865,"B+",IF(Q60>=0.825,"B",IF(Q60>=0.795,"B-",IF(Q60>=0.765,"C+",IF(Q60>=0.725,"C",IF(Q60>=0.695,"C-",IF(Q60>=0.665,"D+",IF(Q60>=0.625,"D",IF(Q60>=0.595,"D-",IF(Q60<0.6,"F")))))))))))))) -> F | S60: =IF(IF(H60=0,,IF(ISBLANK(AC60),,1-(((AE60/2+N60/2)-(AD60*2))/100)))>1, 1, IF(H60=0,,IF(ISBLANK(AC60),,1-(((AE60/2+N60/2)-(AD60*2))/100)))) -> 0.5225 | T60: =IF(ISBLANK(S60),,IF(S60>=0.975,"A+",IF(S60>=0.925,"A",IF(S60>=0.895,"A-",IF(S60>=0.865,"B+",IF(S60>=0.825,"B",IF(S60>=0.795,"B-",IF(S60>=0.765,"C+",IF(S60>=0.725,"C",IF(S60>=0.695,"C-",IF(S60>=0.665,"D+",IF(S60>=0.625,"D",IF(S60>=0.595,"D-",IF(S60<0.6,"F")))))))))))))) -> F | U60: No | V60: =IF(ISBLANK(C60),,IFERROR(IF(VLOOKUP(B60,Standings!$A:$F, 6, 0)=VLOOKUP(C60,Standings!$A:$F, 6, 0), VLOOKUP(B60,Standings!$A:$F, 6, 0), "Non-con"), "FCS")) -> SEC | W60: =IF(ISBLANK(O60),,IF(O60>0,C60,B60)) -> Missouri | X60: =IF(ISBLANK(O60),,IF(O60<0,C60,B60)) -> Tennessee | Y60: =IF(D60=0,,IF(ISBLANK(Q60),,VLOOKUP(X60,Week4,2,FALSE)/(VLOOKUP(X60,Week4,2,FALSE)+VLOOKUP(W60,Week4,2,FALSE))+0.05)*100) -> 76.347796 | Z60: Tennessee | AA60: 35 | AB60: =IF(Z60<>"",(IF(Z60=B60, C60, B60)),"") -> Missouri | AC60: 12 | AE60: =IF(ISBLANK(AC60),,AA60-AC60) -> 23 | AG60: =IF(ISBLANK(S60),,If(X60=Z60, 1, 0)) -> 1
A61: 12 | B61: Navy | C61: South Florida | D61: =IFERROR(VLOOKUP(B61,CurrentRank!$B$2:$C$132,2,FALSE),0) -> 29.22 | E61: =IF(ISBLANK(B61),,IFERROR(VLOOKUP(B61,CurrentRank!$B$2:$C$132,2,FALSE),0)) -> 29.22 | F61: =IFERROR(VLOOKUP(B61,CurrentRank!$B$2:$D$132,3,FALSE),130) -> 116 | G61: =IF(ISBLANK(B61),,IFERROR(VLOOKUP(B61,CurrentRank!$B$2:$D$132,3,FALSE),130)) -> 116 | H61: =IFERROR(VLOOKUP(C61,CurrentRank!$B$2:$C$132,2,FALSE),0) -> 13.91 | I61: =IF(ISBLANK(B61),,IFERROR(VLOOKUP(C61,CurrentRank!$B$2:$C$132,2,FALSE),0)) -> 13.91 | J61: =IFERROR(VLOOKUP(C61,Week11,3,FALSE),130) -> 129 | K61: =IFERROR(VLOOKUP(C61,CurrentRank!$B$2:$D$132,3,FALSE),130) -> 129 | L61: =IF(ISBLANK(C61),,(D61+H61)*0.015) -> 0.64695 | M61: =IF(ISBLANK(D61),,(E61+I61)*0.015) -> 0.64695 | N61: =(F61+K61)/2 -> 122.5 | O61: =IF(H61=0,,(D61-(H61+L61))/2) -> 7.331525 | P61: =(D61-(H61+L61))/2 -> 7.331525 | Q61: =IF(ISBLANK(O61),,1-((ABS(O61/2)+N61/2)/100)) -> 0.35084237 | R61: =IF(ISBLANK(Q61),,IF(Q61>=0.975,"A+",IF(Q61>=0.925,"A",IF(Q61>=0.895,"A-",IF(Q61>=0.865,"B+",IF(Q61>=0.825,"B",IF(Q61>=0.795,"B-",IF(Q61>=0.765,"C+",IF(Q61>=0.725,"C",IF(Q61>=0.695,"C-",IF(Q61>=0.665,"D+",IF(Q61>=0.625,"D",IF(Q61>=0.595,"D-",IF(Q61<0.6,"F")))))))))))))) -> F | S61: =IF(IF(H61=0,,IF(ISBLANK(AC61),,1-(((AE61/2+N61/2)-(AD61*2))/100)))>1, 1, IF(H61=0,,IF(ISBLANK(AC61),,1-(((AE61/2+N61/2)-(AD61*2))/100)))) | T61: =IF(ISBLANK(S61),,IF(S61>=0.975,"A+",IF(S61>=0.925,"A",IF(S61>=0.895,"A-",IF(S61>=0.865,"B+",IF(S61>=0.825,"B",IF(S61>=0.795,"B-",IF(S61>=0.765,"C+",IF(S61>=0.725,"C",IF(S61>=0.695,"C-",IF(S61>=0.665,"D+",IF(S61>=0.625,"D",IF(S61>=0.595,"D-",IF(S61<0.6,"F")))))))))))))) | U61: No | V61: =IFERROR(IF(VLOOKUP(B61,Standings!$A:$F, 6, 0)=VLOOKUP(C61,Standings!$A:$F, 6, 0), VLOOKUP(B61,Standings!$A:$F, 6, 0), "Non-con"), "FCS") -> AAC | W61: =IF(ISBLANK(O61),,IF(O61>0,C61,B61)) -> South Florida | X61: =IF(ISBLANK(O61),,IF(O61<0,C61,B61)) -> Navy | Y61: =IF(D61=0,,IF(ISBLANK(Q61),,VLOOKUP(X61,Week11,2,FALSE)/(VLOOKUP(X61,Week11,2,FALSE)+VLOOKUP(W61,Week11,2,FALSE))+0.05)*100) -> 76.329673 | AB61: =IF(Z61<>"",(IF(Z61=B61, C61, B61)),"") | AE61: =IF(ISBLANK(AC61),,AA61-AC61) | AF61: PPD | AG61: =IF(ISBLANK(S61),,If(X61=Z61, 1, 0)) | AJ61: Washington State
A62: 14 | B62: Miami | C62: Duke | D62: =IFERROR(VLOOKUP(B62,Week13,2,FALSE),0) -> 75.99 | E62: =IF(ISBLANK(B62),,IFERROR(VLOOKUP(B62,CurrentRank!$B$2:$C$132,2,FALSE),0)) -> 57.15 | F62: =IFERROR(VLOOKUP(B62,Week13,3,FALSE),130) -> 10 | G62: =IF(ISBLANK(B62),,IFERROR(VLOOKUP(B62,CurrentRank!$B$2:$D$132,3,FALSE),130)) -> 23 | H62: =IFERROR(VLOOKUP(C62,Week13,2,FALSE),0) -> 30.69 | I62: =IF(ISBLANK(B62),,IFERROR(VLOOKUP(C62,CurrentRank!$B$2:$C$132,2,FALSE),0)) -> 28.66 | J62: =IFERROR(VLOOKUP(C62,Week13,3,FALSE),130) -> 100 | K62: =IF(ISBLANK(C62),,IFERROR(VLOOKUP(C62,CurrentRank!$B$2:$D$132,3,FALSE),130)) -> 120 | L62: =IF(U62= "Yes", 0, IF(ISBLANK(C62),,(D62+H62)*0.015)) -> 1.6002 | M62: =IF(U62= "Yes", 0, IF(ISBLANK(D62),,(E62+I62)*0.015)) -> 1.28715 | N62: =IF(ISBLANK(C62),,(F62+J62)/2) -> 55 | O62: =IF(H62=0,,(D62-(H62+L62))/2) -> 21.8499 | P62: =IF(ISBLANK(C62),,(E62-(I62+L62))/2) -> 13.4449 | Q62: =IF(ISBLANK(O62),,1-((ABS(O62/2)+N62/2)/100)) -> 0.6157505 | R62: =IF(ISBLANK(Q62),,IF(Q62>=0.975,"A+",IF(Q62>=0.925,"A",IF(Q62>=0.895,"A-",IF(Q62>=0.865,"B+",IF(Q62>=0.825,"B",IF(Q62>=0.795,"B-",IF(Q62>=0.765,"C+",IF(Q62>=0.725,"C",IF(Q62>=0.695,"C-",IF(Q62>=0.665,"D+",IF(Q62>=0.625,"D",IF(Q62>=0.595,"D-",IF(Q62<0.6,"F")))))))))))))) -> D- | S62: =IF(IF(H62=0,,IF(ISBLANK(AC62),,1-(((AE62/2+N62/2)-(AD62*2))/100)))>1, 1, IF(H62=0,,IF(ISBLANK(AC62),,1-(((AE62/2+N62/2)-(AD62*2))/100)))) -> 0.485 | T62: =IF(ISBLANK(S62),,IF(S62>=0.975,"A+",IF(S62>=0.925,"A",IF(S62>=0.895,"A-",IF(S62>=0.865,"B+",IF(S62>=0.825,"B",IF(S62>=0.795,"B-",IF(S62>=0.765,"C+",IF(S62>=0.725,"C",IF(S62>=0.695,"C-",IF(S62>=0.665,"D+",IF(S62>=0.625,"D",IF(S62>=0.595,"D-",IF(S62<0.6,"F")))))))))))))) -> F | U62: No | V62: =IF(ISBLANK(C62),,IFERROR(IF(VLOOKUP(B62,Standings!$A:$F, 6, 0)=VLOOKUP(C62,Standings!$A:$F, 6, 0), VLOOKUP(B62,Standings!$A:$F, 6, 0), "Non-con"), "FCS")) -> ACC | W62: =IF(ISBLANK(O62),,IF(O62>0,C62,B62)) -> Duke | X62: =IF(ISBLANK(O62),,IF(O62<0,C62,B62)) -> Miami | Y62: =IF(D62=0,,IF(ISBLANK(Q62),,VLOOKUP(X62,Week13,2,FALSE)/(VLOOKUP(X62,Week13,2,FALSE)+VLOOKUP(W62,Week13,2,FALSE))+0.05)*100) -> 76.231721 | Z62: Miami | AA62: 48 | AB62: =IF(Z62<>"",(IF(Z62=B62, C62, B62)),"") -> Duke | AC62: 0 | AE62: =IF(ISBLANK(AC62),,AA62-AC62) -> 48 | AG62: =IF(ISBLANK(S62),,If(X62=Z62, 1, 0)) -> 1 | AJ62: South Dakota State
A63: 10 | B63: Florida International | C63: UTEP | D63: =IFERROR(VLOOKUP(B63,CurrentRank!$B$2:$C$132,2,FALSE),0) -> 30.89 | E63: =IF(ISBLANK(B63),,IFERROR(VLOOKUP(B63,CurrentRank!$B$2:$C$132,2,FALSE),0)) -> 30.89 | F63: =IFERROR(VLOOKUP(B63,Week9,3,FALSE),130) -> 108 | G63: =IF(ISBLANK(B63),,IFERROR(VLOOKUP(B63,CurrentRank!$B$2:$D$132,3,FALSE),130)) -> 103 | H63: =IFERROR(VLOOKUP(C63,CurrentRank!$B$2:$C$132,2,FALSE),0) -> 11.84 | I63: =IF(ISBLANK(B63),,IFERROR(VLOOKUP(C63,CurrentRank!$B$2:$C$132,2,FALSE),0)) -> 11.84 | J63: =IFERROR(VLOOKUP(C63,Week9,3,FALSE),130) -> 129 | K63: =IF(ISBLANK(C63),,IFERROR(VLOOKUP(C63,CurrentRank!$B$2:$D$132,3,FALSE),130)) -> 130 | L63: =IF(ISBLANK(C63),,(D63+H63)*0.015) -> 0.64095 | M63: =IF(ISBLANK(D63),,(E63+I63)*0.015) -> 0.64095 | N63: =IF(ISBLANK(C63),,(F63+J63)/2) -> 118.5 | O63: =IF(H63=0,,(D63-(H63+L63))/2) -> 9.204525 | P63: =(D63-(H63+L63))/2 -> 9.204525 | Q63: =IF(ISBLANK(O63),,1-((ABS(O63/2)+N63/2)/100)) -> 0.36147737 | R63: =IF(ISBLANK(Q63),,IF(Q63>=0.975,"A+",IF(Q63>=0.925,"A",IF(Q63>=0.895,"A-",IF(Q63>=0.865,"B+",IF(Q63>=0.825,"B",IF(Q63>=0.795,"B-",IF(Q63>=0.765,"C+",IF(Q63>=0.725,"C",IF(Q63>=0.695,"C-",IF(Q63>=0.665,"D+",IF(Q63>=0.625,"D",IF(Q63>=0.595,"D-",IF(Q63<0.6,"F")))))))))))))) -> F | S63: =IF(IF(H63=0,,IF(ISBLANK(AC63),,1-(((AE63/2+N63/2)-(AD63*2))/100)))>1, 1, IF(H63=0,,IF(ISBLANK(AC63),,1-(((AE63/2+N63/2)-(AD63*2))/100)))) | T63: =IF(ISBLANK(S63),,IF(S63>=0.975,"A+",IF(S63>=0.925,"A",IF(S63>=0.895,"A-",IF(S63>=0.865,"B+",IF(S63>=0.825,"B",IF(S63>=0.795,"B-",IF(S63>=0.765,"C+",IF(S63>=0.725,"C",IF(S63>=0.695,"C-",IF(S63>=0.665,"D+",IF(S63>=0.625,"D",IF(S63>=0.595,"D-",IF(S63<0.6,"F")))))))))))))) | U63: No | V63: =IFERROR(IF(VLOOKUP(B63,Standings!$A:$F, 6, 0)=VLOOKUP(C63,Standings!$A:$F, 6, 0), VLOOKUP(B63,Standings!$A:$F, 6, 0), "Non-con"), "FCS") -> CUSA | W63: =IF(ISBLANK(O63),,IF(O63>0,C63,B63)) -> UTEP | X63: =IF(ISBLANK(O63),,IF(O63<0,C63,B63)) -> Florida International | Y63: =IF(D63=0,,IF(ISBLANK(Q63),,VLOOKUP(X63,Week9,2,FALSE)/(VLOOKUP(X63,Week9,2,FALSE)+VLOOKUP(W63,Week9,2,FALSE))+0.05)*100) -> 76.217452 | AB63: =IF(Z63<>"",(IF(Z63=B63, C63, B63)),"") | AE63: =IF(ISBLANK(AC63),,AA63-AC63) | AF63: CAN | AG63: =IF(ISBLANK(S63),,If(X63=Z63, 1, 0))
A64: 13 | B64: Pittsburgh | C64: Clemson | D64: =IFERROR(VLOOKUP(B64,Week12,2,FALSE),0) -> 34.01 | E64: =IF(ISBLANK(B64),,IFERROR(VLOOKUP(B64,CurrentRank!$B$2:$C$132,2,FALSE),0)) -> 35.74 | F64: =IFERROR(VLOOKUP(B64,Week12,3,FALSE),130) -> 68 | G64: =IF(ISBLANK(B64),,IFERROR(VLOOKUP(B64,CurrentRank!$B$2:$D$132,3,FALSE),130)) -> 56 | H64: =IFERROR(VLOOKUP(C64,Week12,2,FALSE),0) -> 83.65 | I64: =IF(ISBLANK(B64),,IFERROR(VLOOKUP(C64,CurrentRank!$B$2:$C$132,2,FALSE),0)) -> 84.24 | J64: =IFERROR(VLOOKUP(C64,Week12,3,FALSE),130) -> 4 | K64: =IF(ISBLANK(C64),,IFERROR(VLOOKUP(C64,CurrentRank!$B$2:$D$132,3,FALSE),130)) -> 4 | L64: =IF(U64= "Yes", 0, IF(ISBLANK(C64),,(D64+H64)*0.015)) -> 1.7649 | M64: =IF(U64= "Yes", 0, IF(ISBLANK(D64),,(E64+I64)*0.015)) -> 1.7997 | N64: =IF(ISBLANK(C64),,(F64+J64)/2) -> 36 | O64: =IF(H64=0,,(D64-(H64+L64))/2) -> -25.70245 | P64: =IF(ISBLANK(C64),,(E64-(I64+L64))/2) -> -25.13245 | Q64: =IF(ISBLANK(O64),,1-((ABS(O64/2)+N64/2)/100)) -> 0.69148775 | R64: =IF(ISBLANK(Q64),,IF(Q64>=0.975,"A+",IF(Q64>=0.925,"A",IF(Q64>=0.895,"A-",IF(Q64>=0.865,"B+",IF(Q64>=0.825,"B",IF(Q64>=0.795,"B-",IF(Q64>=0.765,"C+",IF(Q64>=0.725,"C",IF(Q64>=0.695,"C-",IF(Q64>=0.665,"D+",IF(Q64>=0.625,"D",IF(Q64>=0.595,"D-",IF(Q64<0.6,"F")))))))))))))) -> D+ | S64: =IF(IF(H64=0,,IF(ISBLANK(AC64),,1-(((AE64/2+N64/2)-(AD64*2))/100)))>1, 1, IF(H64=0,,IF(ISBLANK(AC64),,1-(((AE64/2+N64/2)-(AD64*2))/100)))) -> 0.645 | T64: =IF(ISBLANK(S64),,IF(S64>=0.975,"A+",IF(S64>=0.925,"A",IF(S64>=0.895,"A-",IF(S64>=0.865,"B+",IF(S64>=0.825,"B",IF(S64>=0.795,"B-",IF(S64>=0.765,"C+",IF(S64>=0.725,"C",IF(S64>=0.695,"C-",IF(S64>=0.665,"D+",IF(S64>=0.625,"D",IF(S64>=0.595,"D-",IF(S64<0.6,"F")))))))))))))) -> D | U64: No | V64: =IF(ISBLANK(C64),,IFERROR(IF(VLOOKUP(B64,Standings!$A:$F, 6, 0)=VLOOKUP(C64,Standings!$A:$F, 6, 0), VLOOKUP(B64,Standings!$A:$F, 6, 0), "Non-con"), "FCS")) -> ACC | W64: =IF(ISBLANK(O64),,IF(O64>0,C64,B64)) -> Pittsburgh | X64: =IF(ISBLANK(O64),,IF(O64<0,C64,B64)) -> Clemson | Y64: =IF(D64=0,,IF(ISBLANK(Q64),,VLOOKUP(X64,Week12,2,FALSE)/(VLOOKUP(X64,Week12,2,FALSE)+VLOOKUP(W64,Week12,2,FALSE))+0.05)*100) -> 76.09468 | Z64: Clemson | AA64: 52 | AB64: =IF(Z64<>"",(IF(Z64=B64, C64, B64)),"") -> Pittsburgh | AC64: 17 | AE64: =IF(ISBLANK(AC64),,AA64-AC64) -> 35 | AG64: =IF(ISBLANK(S64),,If(X64=Z64, 1, 0)) -> 1 | AJ64: South Carolina
A65: 16 | B65: Purdue | C65: Indiana | D65: =IFERROR(VLOOKUP(B65,Week15,2,FALSE),0) -> 32.15 | E65: =IF(ISBLANK(B65),,IFERROR(VLOOKUP(B65,CurrentRank!$B$2:$C$132,2,FALSE),0)) -> 32.23 | F65: =IFERROR(VLOOKUP(B65,Week15,3,FALSE),130) -> 93 | G65: =IF(ISBLANK(B65),,IFERROR(VLOOKUP(B65,CurrentRank!$B$2:$D$132,3,FALSE),130)) -> 92 | H65: =IFERROR(VLOOKUP(C65,Week15,2,FALSE),0) -> 79.06 | I65: =IF(ISBLANK(B65),,IFERROR(VLOOKUP(C65,CurrentRank!$B$2:$C$132,2,FALSE),0)) -> 69.98 | J65: =IFERROR(VLOOKUP(C65,Week15,3,FALSE),130) -> 8 | K65: =IF(ISBLANK(C65),,IFERROR(VLOOKUP(C65,CurrentRank!$B$2:$D$132,3,FALSE),130)) -> 13 | L65: =IF(ISBLANK(C65),,(D65+H65)*0.015) -> 1.66815 | M65: =IF(ISBLANK(D65),,(E65+I65)*0.015) -> 1.53315 | N65: =IF(ISBLANK(C65),,(F65+J65)/2) -> 50.5 | O65: =IF(H65=0,,(D65-(H65+L65))/2) -> -24.289075 | P65: =IF(ISBLANK(C65),,(E65-(I65+L65))/2) -> -19.709075 | Q65: =IF(ISBLANK(O65),,1-((ABS(O65/2)+N65/2)/100)) -> 0.62605462 | R65: =IF(ISBLANK(Q65),,IF(Q65>=0.975,"A+",IF(Q65>=0.925,"A",IF(Q65>=0.895,"A-",IF(Q65>=0.865,"B+",IF(Q65>=0.825,"B",IF(Q65>=0.795,"B-",IF(Q65>=0.765,"C+",IF(Q65>=0.725,"C",IF(Q65>=0.695,"C-",IF(Q65>=0.665,"D+",IF(Q65>=0.625,"D",IF(Q65>=0.595,"D-",IF(Q65<0.6,"F")))))))))))))) -> D | S65: =IF(IF(H65=0,,IF(ISBLANK(AC65),,1-(((AE65/2+N65/2)-(AD65*2))/100)))>1, 1, IF(H65=0,,IF(ISBLANK(AC65),,1-(((AE65/2+N65/2)-(AD65*2))/100)))) | T65: =IF(ISBLANK(S65),,IF(S65>=0.975,"A+",IF(S65>=0.925,"A",IF(S65>=0.895,"A-",IF(S65>=0.865,"B+",IF(S65>=0.825,"B",IF(S65>=0.795,"B-",IF(S65>=0.765,"C+",IF(S65>=0.725,"C",IF(S65>=0.695,"C-",IF(S65>=0.665,"D+",IF(S65>=0.625,"D",IF(S65>=0.595,"D-",IF(S65<0.6,"F")))))))))))))) | U65: No | V65: =IF(ISBLANK(C65),,IFERROR(IF(VLOOKUP(B65,Standings!$A:$F, 6, 0)=VLOOKUP(C65,Standings!$A:$F, 6, 0), VLOOKUP(B65,Standings!$A:$F, 6, 0), "Non-con"), "FCS")) -> B1G | W65: =IF(ISBLANK(O65),,IF(O65>0,C65,B65)) -> Purdue | X65: =IF(ISBLANK(O65),,IF(O65<0,C65,B65)) -> Indiana | Y65: =IF(D65=0,,IF(ISBLANK(Q65),,VLOOKUP(X65,Week15,2,FALSE)/(VLOOKUP(X65,Week15,2,FALSE)+VLOOKUP(W65,Week15,2,FALSE))+0.05)*100) -> 76.090729 | AB65: =IF(Z65<>"",(IF(Z65=B65, C65, B65)),"") | AE65: =IF(ISBLANK(AC65),,AA65-AC65) | AF65: CAN | AG65: =IF(ISBLANK(S65),,If(X65=Z65, 1, 0))
A66: 12 | B66: Wisconsin | C66: Northwestern | D66: =IFERROR(VLOOKUP(B66,Week11,2,FALSE),0) -> 80.06 | E66: =IF(ISBLANK(B66),,IFERROR(VLOOKUP(B66,CurrentRank!$B$2:$C$132,2,FALSE),0)) -> 41.11 | F66: =IFERROR(VLOOKUP(B66,Week11,3,FALSE),130) -> 6 | G66: =IF(ISBLANK(B66),,IFERROR(VLOOKUP(B66,CurrentRank!$B$2:$D$132,3,FALSE),130)) -> 32 | H66: =IFERROR(VLOOKUP(C66,Week11,2,FALSE),0) -> 69.3 | I66: =IF(ISBLANK(B66),,IFERROR(VLOOKUP(C66,CurrentRank!$B$2:$C$132,2,FALSE),0)) -> 72.23 | J66: =IFERROR(VLOOKUP(C66,Week11,3,FALSE),130) -> 16 | K66: =IF(ISBLANK(C66),,IFERROR(VLOOKUP(C66,CurrentRank!$B$2:$D$132,3,FALSE),130)) -> 11 | L66: =IF(U66= "Yes", 0, IF(ISBLANK(C66),,(D66+H66)*0.015)) -> 2.2404 | M66: =IF(U66= "Yes", 0, IF(ISBLANK(D66),,(E66+I66)*0.015)) -> 1.7001 | N66: =IF(ISBLANK(C66),,(F66+J66)/2) -> 11 | O66: =IF(H66=0,,(D66-(H66+L66))/2) -> 4.2598 | P66: =IF(ISBLANK(C66),,(E66-(I66+L66))/2) -> -16.6802 | Q66: =IF(ISBLANK(O66),,1-((ABS(O66/2)+N66/2)/100)) -> 0.923701 | R66: =IF(ISBLANK(Q66),,IF(Q66>=0.975,"A+",IF(Q66>=0.925,"A",IF(Q66>=0.895,"A-",IF(Q66>=0.865,"B+",IF(Q66>=0.825,"B",IF(Q66>=0.795,"B-",IF(Q66>=0.765,"C+",IF(Q66>=0.725,"C",IF(Q66>=0.695,"C-",IF(Q66>=0.665,"D+",IF(Q66>=0.625,"D",IF(Q66>=0.595,"D-",IF(Q66<0.6,"F")))))))))))))) -> A- | S66: =IF(IF(H66=0,,IF(ISBLANK(AC66),,1-(((AE66/2+N66/2)-(AD66*2))/100)))>1, 1, IF(H66=0,,IF(ISBLANK(AC66),,1-(((AE66/2+N66/2)-(AD66*2))/100)))) -> 0.895 | T66: =IF(ISBLANK(S66),,IF(S66>=0.975,"A+",IF(S66>=0.925,"A",IF(S66>=0.895,"A-",IF(S66>=0.865,"B+",IF(S66>=0.825,"B",IF(S66>=0.795,"B-",IF(S66>=0.765,"C+",IF(S66>=0.725,"C",IF(S66>=0.695,"C-",IF(S66>=0.665,"D+",IF(S66>=0.625,"D",IF(S66>=0.595,"D-",IF(S66<0.6,"F")))))))))))))) -> A- | U66: No | V66: =IF(ISBLANK(C66),,IFERROR(IF(VLOOKUP(B66,Standings!$A:$F, 6, 0)=VLOOKUP(C66,Standings!$A:$F, 6, 0), VLOOKUP(B66,Standings!$A:$F, 6, 0), "Non-con"), "FCS")) -> B1G | W66: =IF(ISBLANK(O66),,IF(O66>0,C66,B66)) -> Northwestern | X66: =IF(ISBLANK(O66),,IF(O66<0,C66,B66)) -> Wisconsin | Y66: =IF(D66=0,,IF(ISBLANK(Q66),,VLOOKUP(X66,Week11,2,FALSE)/(VLOOKUP(X66,Week11,2,FALSE)+VLOOKUP(W66,Week11,2,FALSE))+0.05)*100) -> 58.602035 | Z66: Northwestern | AA66: 17 | AB66: =IF(Z66<>"",(IF(Z66=B66, C66, B66)),"") -> Wisconsin | AC66: 7 | AE66: =IF(ISBLANK(AC66),,AA66-AC66) -> 10 | AG66: =IF(ISBLANK(S66),,If(X66=Z66, 1, 0)) -> 0 | AJ66: Youngstown State
A67: 14 | B67: Clemson | C67: Virginia Tech | D67: =IFERROR(VLOOKUP(B67,Week13,2,FALSE),0) -> 85.28 | E67: =IF(ISBLANK(B67),,IFERROR(VLOOKUP(B67,CurrentRank!$B$2:$C$132,2,FALSE),0)) -> 84.24 | F67: =IFERROR(VLOOKUP(B67,Week13,3,FALSE),130) -> 4 | G67: =IF(ISBLANK(B67),,IFERROR(VLOOKUP(B67,CurrentRank!$B$2:$D$132,3,FALSE),130)) -> 4 | H67: =IFERROR(VLOOKUP(C67,Week13,2,FALSE),0) -> 34.89 | I67: =IF(ISBLANK(B67),,IFERROR(VLOOKUP(C67,CurrentRank!$B$2:$C$132,2,FALSE),0)) -> 36.12 | J67: =IFERROR(VLOOKUP(C67,Week13,3,FALSE),130) -> 62 | K67: =IF(ISBLANK(C67),,IFERROR(VLOOKUP(C67,CurrentRank!$B$2:$D$132,3,FALSE),130)) -> 54 | L67: =IF(U67= "Yes", 0, IF(ISBLANK(C67),,(D67+H67)*0.015)) -> 1.80255 | M67: =IF(U67= "Yes", 0, IF(ISBLANK(D67),,(E67+I67)*0.015)) -> 1.8054 | N67: =IF(ISBLANK(C67),,(F67+J67)/2) -> 33 | O67: =IF(H67=0,,(D67-(H67+L67))/2) -> 24.293725 | P67: =IF(ISBLANK(C67),,(E67-(I67+L67))/2) -> 23.158725 | Q67: =IF(ISBLANK(O67),,1-((ABS(O67/2)+N67/2)/100)) -> 0.71353137 | R67: =IF(ISBLANK(Q67),,IF(Q67>=0.975,"A+",IF(Q67>=0.925,"A",IF(Q67>=0.895,"A-",IF(Q67>=0.865,"B+",IF(Q67>=0.825,"B",IF(Q67>=0.795,"B-",IF(Q67>=0.765,"C+",IF(Q67>=0.725,"C",IF(Q67>=0.695,"C-",IF(Q67>=0.665,"D+",IF(Q67>=0.625,"D",IF(Q67>=0.595,"D-",IF(Q67<0.6,"F")))))))))))))) -> C- | S67: =IF(IF(H67=0,,IF(ISBLANK(AC67),,1-(((AE67/2+N67/2)-(AD67*2))/100)))>1, 1, IF(H67=0,,IF(ISBLANK(AC67),,1-(((AE67/2+N67/2)-(AD67*2))/100)))) -> 0.66 | T67: =IF(ISBLANK(S67),,IF(S67>=0.975,"A+",IF(S67>=0.925,"A",IF(S67>=0.895,"A-",IF(S67>=0.865,"B+",IF(S67>=0.825,"B",IF(S67>=0.795,"B-",IF(S67>=0.765,"C+",IF(S67>=0.725,"C",IF(S67>=0.695,"C-",IF(S67>=0.665,"D+",IF(S67>=0.625,"D",IF(S67>=0.595,"D-",IF(S67<0.6,"F")))))))))))))) -> D | U67: No | V67: =IF(ISBLANK(C67),,IFERROR(IF(VLOOKUP(B67,Standings!$A:$F, 6, 0)=VLOOKUP(C67,Standings!$A:$F, 6, 0), VLOOKUP(B67,Standings!$A:$F, 6, 0), "Non-con"), "FCS")) -> ACC | W67: =IF(ISBLANK(O67),,IF(O67>0,C67,B67)) -> Virginia Tech | X67: =IF(ISBLANK(O67),,IF(O67<0,C67,B67)) -> Clemson | Y67: =IF(D67=0,,IF(ISBLANK(Q67),,VLOOKUP(X67,Week13,2,FALSE)/(VLOOKUP(X67,Week13,2,FALSE)+VLOOKUP(W67,Week13,2,FALSE))+0.05)*100) -> 75.966131 | Z67: Clemson | AA67: 45 | AB67: =IF(Z67<>"",(IF(Z67=B67, C67, B67)),"") -> Virginia Tech | AC67: 10 | AE67: =IF(ISBLANK(AC67),,AA67-AC67) -> 35 | AG67: =IF(ISBLANK(S67),,If(X67=Z67, 1, 0)) -> 1
A68: 10 | B68: Florida | C68: Georgia | D68: =IFERROR(VLOOKUP(B68,Week9,2,FALSE),0) -> 75.4 | E68: =IF(ISBLANK(B68),,IFERROR(VLOOKUP(B68,CurrentRank!$B$2:$C$132,2,FALSE),0)) -> 68.03 | F68: =IFERROR(VLOOKUP(B68,Week9,3,FALSE),130) -> 10 | G68: =IF(ISBLANK(B68),,IFERROR(VLOOKUP(B68,CurrentRank!$B$2:$D$132,3,FALSE),130)) -> 16 | H68: =IFERROR(VLOOKUP(C68,Week9,2,FALSE),0) -> 83.04 | I68: =IF(ISBLANK(B68),,IFERROR(VLOOKUP(C68,CurrentRank!$B$2:$C$132,2,FALSE),0)) -> 79.21 | J68: =IFERROR(VLOOKUP(C68,Week9,3,FALSE),130) -> 5 | K68: =IF(ISBLANK(C68),,IFERROR(VLOOKUP(C68,CurrentRank!$B$2:$D$132,3,FALSE),130)) -> 6 | L68: =IF(U68= "Yes", 0, IF(ISBLANK(C68),,(D68+H68)*0.015)) -> 0 | M68: =IF(U68= "Yes", 0, IF(ISBLANK(D68),,(E68+I68)*0.015)) -> 0 | N68: =IF(ISBLANK(C68),,(F68+J68)/2) -> 7.5 | O68: =IF(H68=0,,(D68-(H68+L68))/2) -> -3.82 | P68: =IF(ISBLANK(C68),,(E68-(I68+L68))/2) -> -5.59 | Q68: =IF(ISBLANK(O68),,1-((ABS(O68/2)+N68/2)/100)) -> 0.9434 | R68: =IF(ISBLANK(Q68),,IF(Q68>=0.975,"A+",IF(Q68>=0.925,"A",IF(Q68>=0.895,"A-",IF(Q68>=0.865,"B+",IF(Q68>=0.825,"B",IF(Q68>=0.795,"B-",IF(Q68>=0.765,"C+",IF(Q68>=0.725,"C",IF(Q68>=0.695,"C-",IF(Q68>=0.665,"D+",IF(Q68>=0.625,"D",IF(Q68>=0.595,"D-",IF(Q68<0.6,"F")))))))))))))) -> A | S68: =IF(IF(H68=0,,IF(ISBLANK(AC68),,1-(((AE68/2+N68/2)-(AD68*2))/100)))>1, 1, IF(H68=0,,IF(ISBLANK(AC68),,1-(((AE68/2+N68/2)-(AD68*2))/100)))) -> 0.8825 | T68: =IF(ISBLANK(S68),,IF(S68>=0.975,"A+",IF(S68>=0.925,"A",IF(S68>=0.895,"A-",IF(S68>=0.865,"B+",IF(S68>=0.825,"B",IF(S68>=0.795,"B-",IF(S68>=0.765,"C+",IF(S68>=0.725,"C",IF(S68>=0.695,"C-",IF(S68>=0.665,"D+",IF(S68>=0.625,"D",IF(S68>=0.595,"D-",IF(S68<0.6,"F")))))))))))))) -> B+ | U68: Yes | V68: =IF(ISBLANK(C68),,IFERROR(IF(VLOOKUP(B68,Standings!$A:$F, 6, 0)=VLOOKUP(C68,Standings!$A:$F, 6, 0), VLOOKUP(B68,Standings!$A:$F, 6, 0), "Non-con"), "FCS")) -> SEC | W68: =IF(ISBLANK(O68),,IF(O68>0,C68,B68)) -> Florida | X68: =IF(ISBLANK(O68),,IF(O68<0,C68,B68)) -> Georgia | Y68: =IF(D68=0,,IF(ISBLANK(Q68),,VLOOKUP(X68,Week9,2,FALSE)/(VLOOKUP(X68,Week9,2,FALSE)+VLOOKUP(W68,Week9,2,FALSE))+0.05)*100) -> 57.411007 | Z68: Florida | AA68: 44 | AB68: =IF(Z68<>"",(IF(Z68=B68, C68, B68)),"") -> Georgia | AC68: 28 | AE68: =IF(ISBLANK(AC68),,AA68-AC68) -> 16 | AG68: =IF(ISBLANK(S68),,If(X68=Z68, 1, 0)) -> 0
A69: 15 | B69: Purdue | C69: Indiana | D69: =IFERROR(VLOOKUP(B69,Week14,2,FALSE),0) -> 32.01 | E69: =IF(ISBLANK(B69),,IFERROR(VLOOKUP(B69,CurrentRank!$B$2:$C$132,2,FALSE),0)) -> 32.23 | F69: =IFERROR(VLOOKUP(B69,Week14,3,FALSE),130) -> 97 | G69: =IF(ISBLANK(B69),,IFERROR(VLOOKUP(B69,CurrentRank!$B$2:$D$132,3,FALSE),130)) -> 92 | H69: =IFERROR(VLOOKUP(C69,Week14,2,FALSE),0) -> 78.18 | I69: =IF(ISBLANK(B69),,IFERROR(VLOOKUP(C69,CurrentRank!$B$2:$C$132,2,FALSE),0)) -> 69.98 | J69: =IFERROR(VLOOKUP(C69,Week14,3,FALSE),130) -> 10 | K69: =IF(ISBLANK(C69),,IFERROR(VLOOKUP(C69,CurrentRank!$B$2:$D$132,3,FALSE),130)) -> 13 | L69: =IF(ISBLANK(C69),,(D69+H69)*0.015) -> 1.65285 | M69: =IF(ISBLANK(D69),,(E69+I69)*0.015) -> 1.53315 | N69: =IF(ISBLANK(C69),,(F69+J69)/2) -> 53.5 | O69: =IF(H69=0,,(D69-(H69+L69))/2) -> -23.911425 | P69: =IF(ISBLANK(C69),,(E69-(I69+L69))/2) -> -19.701425 | Q69: =IF(ISBLANK(O69),,1-((ABS(O69/2)+N69/2)/100)) -> 0.61294287 | R69: =IF(ISBLANK(Q69),,IF(Q69>=0.975,"A+",IF(Q69>=0.925,"A",IF(Q69>=0.895,"A-",IF(Q69>=0.865,"B+",IF(Q69>=0.825,"B",IF(Q69>=0.795,"B-",IF(Q69>=0.765,"C+",IF(Q69>=0.725,"C",IF(Q69>=0.695,"C-",IF(Q69>=0.665,"D+",IF(Q69>=0.625,"D",IF(Q69>=0.595,"D-",IF(Q69<0.6,"F")))))))))))))) -> D- | S69: =IF(IF(H69=0,,IF(ISBLANK(AC69),,1-(((AE69/2+N69/2)-(AD69*2))/100)))>1, 1, IF(H69=0,,IF(ISBLANK(AC69),,1-(((AE69/2+N69/2)-(AD69*2))/100)))) | T69: =IF(ISBLANK(S69),,IF(S69>=0.975,"A+",IF(S69>=0.925,"A",IF(S69>=0.895,"A-",IF(S69>=0.865,"B+",IF(S69>=0.825,"B",IF(S69>=0.795,"B-",IF(S69>=0.765,"C+",IF(S69>=0.725,"C",IF(S69>=0.695,"C-",IF(S69>=0.665,"D+",IF(S69>=0.625,"D",IF(S69>=0.595,"D-",IF(S69<0.6,"F")))))))))))))) | U69: No | V69: =IF(ISBLANK(C69),,IFERROR(IF(VLOOKUP(B69,Standings!$A:$F, 6, 0)=VLOOKUP(C69,Standings!$A:$F, 6, 0), VLOOKUP(B69,Standings!$A:$F, 6, 0), "Non-con"), "FCS")) -> B1G | W69: =IF(ISBLANK(O69),,IF(O69>0,C69,B69)) -> Purdue | X69: =IF(ISBLANK(O69),,IF(O69<0,C69,B69)) -> Indiana | Y69: =IF(D69=0,,IF(ISBLANK(Q69),,VLOOKUP(X69,Week14,2,FALSE)/(VLOOKUP(X69,Week14,2,FALSE)+VLOOKUP(W69,Week14,2,FALSE))+0.05)*100) -> 75.950177 | AB69: =IF(Z69<>"",(IF(Z69=B69, C69, B69)),"") | AE69: =IF(ISBLANK(AC69),,AA69-AC69) | AF69: CAN | AG69: =IF(ISBLANK(S69),,If(X69=Z69, 1, 0))
A70: 9 | B70: Boston College | C70: Clemson | D70: =IFERROR(VLOOKUP(B70,Week8,2,FALSE),0) -> 38.89 | E70: =IF(ISBLANK(B70),,IFERROR(VLOOKUP(B70,CurrentRank!$B$2:$C$132,2,FALSE),0)) -> 36.62 | F70: =IFERROR(VLOOKUP(B70,Week8,3,FALSE),130) -> 42 | G70: =IF(ISBLANK(B70),,IFERROR(VLOOKUP(B70,CurrentRank!$B$2:$D$132,3,FALSE),130)) -> 50 | H70: =IFERROR(VLOOKUP(C70,Week8,2,FALSE),0) -> 94.65 | I70: =IF(ISBLANK(B70),,IFERROR(VLOOKUP(C70,CurrentRank!$B$2:$C$132,2,FALSE),0)) -> 84.24 | J70: =IFERROR(VLOOKUP(C70,Week8,3,FALSE),130) -> 1 | K70: =IF(ISBLANK(C70),,IFERROR(VLOOKUP(C70,CurrentRank!$B$2:$D$132,3,FALSE),130)) -> 4 | L70: =IF(U70= "Yes", 0, IF(ISBLANK(C70),,(D70+H70)*0.015)) -> 2.0031 | M70: =IF(U70= "Yes", 0, IF(ISBLANK(D70),,(E70+I70)*0.015)) -> 1.8129 | N70: =IF(ISBLANK(C70),,(F70+J70)/2) -> 21.5 | O70: =IF(H70=0,,(D70-(H70+L70))/2) -> -28.88155 | P70: =IF(ISBLANK(C70),,(E70-(I70+L70))/2) -> -24.81155 | Q70: =IF(ISBLANK(O70),,1-((ABS(O70/2)+N70/2)/100)) -> 0.74809225 | R70: =IF(ISBLANK(Q70),,IF(Q70>=0.975,"A+",IF(Q70>=0.925,"A",IF(Q70>=0.895,"A-",IF(Q70>=0.865,"B+",IF(Q70>=0.825,"B",IF(Q70>=0.795,"B-",IF(Q70>=0.765,"C+",IF(Q70>=0.725,"C",IF(Q70>=0.695,"C-",IF(Q70>=0.665,"D+",IF(Q70>=0.625,"D",IF(Q70>=0.595,"D-",IF(Q70<0.6,"F")))))))))))))) -> C | S70: =IF(IF(H70=0,,IF(ISBLANK(AC70),,1-(((AE70/2+N70/2)-(AD70*2))/100)))>1, 1, IF(H70=0,,IF(ISBLANK(AC70),,1-(((AE70/2+N70/2)-(AD70*2))/100)))) -> 0.8625 | T70: =IF(ISBLANK(S70),,IF(S70>=0.975,"A+",IF(S70>=0.925,"A",IF(S70>=0.895,"A-",IF(S70>=0.865,"B+",IF(S70>=0.825,"B",IF(S70>=0.795,"B-",IF(S70>=0.765,"C+",IF(S70>=0.725,"C",IF(S70>=0.695,"C-",IF(S70>=0.665,"D+",IF(S70>=0.625,"D",IF(S70>=0.595,"D-",IF(S70<0.6,"F")))))))))))))) -> B | U70: No | V70: =IF(ISBLANK(C70),,IFERROR(IF(VLOOKUP(B70,Standings!$A:$F, 6, 0)=VLOOKUP(C70,Standings!$A:$F, 6, 0), VLOOKUP(B70,Standings!$A:$F, 6, 0), "Non-con"), "FCS")) -> ACC | W70: =IF(ISBLANK(O70),,IF(O70>0,C70,B70)) -> Boston College | X70: =IF(ISBLANK(O70),,IF(O70<0,C70,B70)) -> Clemson | Y70: =IF(D70=0,,IF(ISBLANK(Q70),,VLOOKUP(X70,Week8,2,FALSE)/(VLOOKUP(X70,Week8,2,FALSE)+VLOOKUP(W70,Week8,2,FALSE))+0.05)*100) -> 75.87764 | Z70: Clemson | AA70: 34 | AB70: =IF(Z70<>"",(IF(Z70=B70, C70, B70)),"") -> Boston College | AC70: 28 | AE70: =IF(ISBLANK(AC70),,AA70-AC70) -> 6 | AG70: =IF(ISBLANK(S70),,If(X70=Z70, 1, 0)) -> 1
A71: 16 | B71: Stanford | C71: UCLA | D71: =IFERROR(VLOOKUP(B71,Week15,2,FALSE),0) -> 41.34 | E71: =IF(ISBLANK(B71),,IFERROR(VLOOKUP(B71,CurrentRank!$B$2:$C$132,2,FALSE),0)) -> 42.24 | F71: =IFERROR(VLOOKUP(B71,Week15,3,FALSE),130) -> 33 | G71: =IF(ISBLANK(B71),,IFERROR(VLOOKUP(B71,CurrentRank!$B$2:$D$132,3,FALSE),130)) -> 28 | H71: =IFERROR(VLOOKUP(C71,Week15,2,FALSE),0) -> 41.89 | I71: =IF(ISBLANK(B71),,IFERROR(VLOOKUP(C71,CurrentRank!$B$2:$C$132,2,FALSE),0)) -> 41.14 | J71: =IFERROR(VLOOKUP(C71,Week15,3,FALSE),130) -> 30 | K71: =IF(ISBLANK(C71),,IFERROR(VLOOKUP(C71,CurrentRank!$B$2:$D$132,3,FALSE),130)) -> 31 | L71: =IF(U71= "Yes", 0, IF(ISBLANK(C71),,(D71+H71)*0.015)) -> 1.24845 | M71: =IF(U71= "Yes", 0, IF(ISBLANK(D71),,(E71+I71)*0.015)) -> 1.2507 | N71: =IF(ISBLANK(C71),,(F71+J71)/2) -> 31.5 | O71: =IF(H71=0,,(D71-(H71+L71))/2) -> -0.899225 | P71: =IF(ISBLANK(C71),,(E71-(I71+L71))/2) -> -0.074225 | Q71: =IF(ISBLANK(O71),,1-((ABS(O71/2)+N71/2)/100)) -> 0.83800387 | R71: =IF(ISBLANK(Q71),,IF(Q71>=0.975,"A+",IF(Q71>=0.925,"A",IF(Q71>=0.895,"A-",IF(Q71>=0.865,"B+",IF(Q71>=0.825,"B",IF(Q71>=0.795,"B-",IF(Q71>=0.765,"C+",IF(Q71>=0.725,"C",IF(Q71>=0.695,"C-",IF(Q71>=0.665,"D+",IF(Q71>=0.625,"D",IF(Q71>=0.595,"D-",IF(Q71<0.6,"F")))))))))))))) -> B | S71: =IF(IF(H71=0,,IF(ISBLANK(AC71),,1-(((AE71/2+N71/2)-(AD71*2))/100)))>1, 1, IF(H71=0,,IF(ISBLANK(AC71),,1-(((AE71/2+N71/2)-(AD71*2))/100)))) -> 0.8775 | T71: =IF(ISBLANK(S71),,IF(S71>=0.975,"A+",IF(S71>=0.925,"A",IF(S71>=0.895,"A-",IF(S71>=0.865,"B+",IF(S71>=0.825,"B",IF(S71>=0.795,"B-",IF(S71>=0.765,"C+",IF(S71>=0.725,"C",IF(S71>=0.695,"C-",IF(S71>=0.665,"D+",IF(S71>=0.625,"D",IF(S71>=0.595,"D-",IF(S71<0.6,"F")))))))))))))) -> B+ | U71: No | V71: =IF(ISBLANK(C71),,IFERROR(IF(VLOOKUP(B71,Standings!$A:$F, 6, 0)=VLOOKUP(C71,Standings!$A:$F, 6, 0), VLOOKUP(B71,Standings!$A:$F, 6, 0), "Non-con"), "FCS")) -> PAC12 | W71: =IF(ISBLANK(O71),,IF(O71>0,C71,B71)) -> Stanford | X71: =IF(ISBLANK(O71),,IF(O71<0,C71,B71)) -> UCLA | Y71: =IF(D71=0,,IF(ISBLANK(Q71),,VLOOKUP(X71,Week15,2,FALSE)/(VLOOKUP(X71,Week15,2,FALSE)+VLOOKUP(W71,Week15,2,FALSE))+0.05)*100) -> 55.33041 | Z71: Stanford | AA71: 48 | AB71: =IF(Z71<>"",(IF(Z71=B71, C71, B71)),"") -> UCLA | AC71: 47 | AD71: 2 | AE71: =IF(ISBLANK(AC71),,AA71-AC71) -> 1 | AG71: =IF(ISBLANK(S71),,If(X71=Z71, 1, 0)) -> 0
A72: 11 | B72: Coastal Carolina | C72: Troy | D72: =IFERROR(VLOOKUP(B72,CurrentRank!$B$2:$C$132,2,FALSE),0) -> 69.98 | E72: =IF(ISBLANK(B72),,IFERROR(VLOOKUP(B72,CurrentRank!$B$2:$C$132,2,FALSE),0)) -> 69.98 | F72: =IFERROR(VLOOKUP(B72,Week10,3,FALSE),130) -> 12 | G72: =IF(ISBLANK(B72),,IFERROR(VLOOKUP(B72,CurrentRank!$B$2:$D$132,3,FALSE),130)) -> 13 | H72: =IFERROR(VLOOKUP(C72,CurrentRank!$B$2:$C$132,2,FALSE),0) -> 29.75 | I72: =IF(ISBLANK(B72),,IFERROR(VLOOKUP(C72,CurrentRank!$B$2:$C$132,2,FALSE),0)) -> 29.75 | J72: =IFERROR(VLOOKUP(C72,Week10,3,FALSE),130) -> 91 | K72: =IF(ISBLANK(C72),,IFERROR(VLOOKUP(C72,CurrentRank!$B$2:$D$132,3,FALSE),130)) -> 112 | L72: =IF(ISBLANK(C72),,(D72+H72)*0.015) -> 1.49595 | M72: =IF(ISBLANK(D72),,(E72+I72)*0.015) -> 1.49595 | N72: =IF(ISBLANK(C72),,(F72+J72)/2) -> 51.5 | O72: =IF(H72=0,,(D72-(H72+L72))/2) -> 19.367025 | P72: =IF(ISBLANK(C72),,(E72-(I72+L72))/2) -> 19.367025 | Q72: =IF(ISBLANK(O72),,1-((ABS(O72/2)+N72/2)/100)) -> 0.64566488 | R72: =IF(ISBLANK(Q72),,IF(Q72>=0.975,"A+",IF(Q72>=0.925,"A",IF(Q72>=0.895,"A-",IF(Q72>=0.865,"B+",IF(Q72>=0.825,"B",IF(Q72>=0.795,"B-",IF(Q72>=0.765,"C+",IF(Q72>=0.725,"C",IF(Q72>=0.695,"C-",IF(Q72>=0.665,"D+",IF(Q72>=0.625,"D",IF(Q72>=0.595,"D-",IF(Q72<0.6,"F")))))))))))))) -> D | S72: =IF(IF(H72=0,,IF(ISBLANK(AC72),,1-(((AE72/2+N72/2)-(AD72*2))/100)))>1, 1, IF(H72=0,,IF(ISBLANK(AC72),,1-(((AE72/2+N72/2)-(AD72*2))/100)))) | T72: =IF(ISBLANK(S72),,IF(S72>=0.975,"A+",IF(S72>=0.925,"A",IF(S72>=0.895,"A-",IF(S72>=0.865,"B+",IF(S72>=0.825,"B",IF(S72>=0.795,"B-",IF(S72>=0.765,"C+",IF(S72>=0.725,"C",IF(S72>=0.695,"C-",IF(S72>=0.665,"D+",IF(S72>=0.625,"D",IF(S72>=0.595,"D-",IF(S72<0.6,"F")))))))))))))) | U72: No | V72: =IFERROR(IF(VLOOKUP(B72,Standings!$A:$F, 6, 0)=VLOOKUP(C72,Standings!$A:$F, 6, 0), VLOOKUP(B72,Standings!$A:$F, 6, 0), "Non-con"), "FCS") -> SUN | W72: =IF(ISBLANK(O72),,IF(O72>0,C72,B72)) -> Troy | X72: =IF(ISBLANK(O72),,IF(O72<0,C72,B72)) -> Coastal Carolina | Y72: =IF(D72=0,,IF(ISBLANK(Q72),,VLOOKUP(X72,Week10,2,FALSE)/(VLOOKUP(X72,Week10,2,FALSE)+VLOOKUP(W72,Week10,2,FALSE))+0.05)*100) -> 75.794947 | AB72: =IF(Z72<>"",(IF(Z72=B72, C72, B72)),"") | AE72: =IF(ISBLANK(AC72),,AA72-AC72) | AF72: PPD | AG72: =IF(ISBLANK(S72),,If(X72=Z72, 1, 0))
A73: 3 | B73: South Florida | C73: Notre Dame | D73: =IFERROR(VLOOKUP(B73,Week2,2,FALSE),0) -> 31.38 | E73: =IF(ISBLANK(B73),,IFERROR(VLOOKUP(B73,CurrentRank!$B$2:$C$132,2,FALSE),0)) -> 13.91 | F73: =IFERROR(VLOOKUP(B73,Week2,3,FALSE),130) -> 33 | G73: =IF(ISBLANK(B73),,IFERROR(VLOOKUP(B73,CurrentRank!$B$2:$D$132,3,FALSE),130)) -> 129 | H73: =IFERROR(VLOOKUP(C73,Week2,2,FALSE),0) -> 75.57 | I73: =IF(ISBLANK(B73),,IFERROR(VLOOKUP(C73,CurrentRank!$B$2:$C$132,2,FALSE),0)) -> 78.79 | J73: =IFERROR(VLOOKUP(C73,Week2,3,FALSE),130) -> 2 | K73: =IF(ISBLANK(C73),,IFERROR(VLOOKUP(C73,CurrentRank!$B$2:$D$132,3,FALSE),130)) -> 7 | L73: =IF(U73= "Yes", 0, IF(ISBLANK(C73),,(D73+H73)*0.015)) -> 1.60425 | M73: =IF(U73= "Yes", 0, IF(ISBLANK(D73),,(E73+I73)*0.015)) -> 1.3905 | N73: =IF(ISBLANK(C73),,(F73+J73)/2) -> 17.5 | O73: =IF(H73=0,,(D73-(H73+L73))/2) -> -22.897125 | P73: =IF(ISBLANK(C73),,(E73-(I73+L73))/2) -> -33.242125 | Q73: =IF(ISBLANK(O73),,1-((ABS(O73/2)+N73/2)/100)) -> 0.79801438 | R73: =IF(ISBLANK(Q73),,IF(Q73>=0.975,"A+",IF(Q73>=0.925,"A",IF(Q73>=0.895,"A-",IF(Q73>=0.865,"B+",IF(Q73>=0.825,"B",IF(Q73>=0.795,"B-",IF(Q73>=0.765,"C+",IF(Q73>=0.725,"C",IF(Q73>=0.695,"C-",IF(Q73>=0.665,"D+",IF(Q73>=0.625,"D",IF(Q73>=0.595,"D-",IF(Q73<0.6,"F")))))))))))))) -> B- | S73: =IF(IF(H73=0,,IF(ISBLANK(AC73),,1-(((AE73/2+N73/2)-(AD73*2))/100)))>1, 1, IF(H73=0,,IF(ISBLANK(AC73),,1-(((AE73/2+N73/2)-(AD73*2))/100)))) -> 0.6525 | T73: =IF(ISBLANK(S73),,IF(S73>=0.975,"A+",IF(S73>=0.925,"A",IF(S73>=0.895,"A-",IF(S73>=0.865,"B+",IF(S73>=0.825,"B",IF(S73>=0.795,"B-",IF(S73>=0.765,"C+",IF(S73>=0.725,"C",IF(S73>=0.695,"C-",IF(S73>=0.665,"D+",IF(S73>=0.625,"D",IF(S73>=0.595,"D-",IF(S73<0.6,"F")))))))))))))) -> D | U73: No | V73: =IF(ISBLANK(C73),,IFERROR(IF(VLOOKUP(B73,Standings!$A:$F, 6, 0)=VLOOKUP(C73,Standings!$A:$F, 6, 0), VLOOKUP(B73,Standings!$A:$F, 6, 0), "Non-con"), "FCS")) -> Non-con | W73: =IF(ISBLANK(O73),,IF(O73>0,C73,B73)) -> South Florida | X73: =IF(ISBLANK(O73),,IF(O73<0,C73,B73)) -> Notre Dame | Y73: =IF(D73=0,,IF(ISBLANK(Q73),,VLOOKUP(X73,Week2,2,FALSE)/(VLOOKUP(X73,Week2,2,FALSE)+VLOOKUP(W73,Week2,2,FALSE))+0.05)*100) -> 75.659187 | Z73: Notre Dame | AA73: 52 | AB73: =IF(Z73<>"",(IF(Z73=B73, C73, B73)),"") -> South Florida | AC73: 0 | AE73: =IF(ISBLANK(AC73),,AA73-AC73) -> 52 | AG73: =IF(ISBLANK(S73),,If(X73=Z73, 1, 0)) -> 1 | AJ73: Liberty
A74: 10 | B74: Houston | C74: Cincinnati | D74: =IFERROR(VLOOKUP(B74,Week9,2,FALSE),0) -> 33.73 | E74: =IF(ISBLANK(B74),,IFERROR(VLOOKUP(B74,CurrentRank!$B$2:$C$132,2,FALSE),0)) -> 33.03 | F74: =IFERROR(VLOOKUP(B74,Week9,3,FALSE),130) -> 61 | G74: =IF(ISBLANK(B74),,IFERROR(VLOOKUP(B74,CurrentRank!$B$2:$D$132,3,FALSE),130)) -> 86 | H74: =IFERROR(VLOOKUP(C74,Week9,2,FALSE),0) -> 80.87 | I74: =IF(ISBLANK(B74),,IFERROR(VLOOKUP(C74,CurrentRank!$B$2:$C$132,2,FALSE),0)) -> 72.9 | J74: =IFERROR(VLOOKUP(C74,Week9,3,FALSE),130) -> 6 | K74: =IF(ISBLANK(C74),,IFERROR(VLOOKUP(C74,CurrentRank!$B$2:$D$132,3,FALSE),130)) -> 9 | L74: =IF(U74= "Yes", 0, IF(ISBLANK(C74),,(D74+H74)*0.015)) -> 1.719 | M74: =IF(U74= "Yes", 0, IF(ISBLANK(D74),,(E74+I74)*0.015)) -> 1.58895 | N74: =IF(ISBLANK(C74),,(F74+J74)/2) -> 33.5 | O74: =IF(H74=0,,(D74-(H74+L74))/2) -> -24.4295 | P74: =IF(ISBLANK(C74),,(E74-(I74+L74))/2) -> -20.7945 | Q74: =IF(ISBLANK(O74),,1-((ABS(O74/2)+N74/2)/100)) -> 0.7103525 | R74: =IF(ISBLANK(Q74),,IF(Q74>=0.975,"A+",IF(Q74>=0.925,"A",IF(Q74>=0.895,"A-",IF(Q74>=0.865,"B+",IF(Q74>=0.825,"B",IF(Q74>=0.795,"B-",IF(Q74>=0.765,"C+",IF(Q74>=0.725,"C",IF(Q74>=0.695,"C-",IF(Q74>=0.665,"D+",IF(Q74>=0.625,"D",IF(Q74>=0.595,"D-",IF(Q74<0.6,"F")))))))))))))) -> C- | S74: =IF(IF(H74=0,,IF(ISBLANK(AC74),,1-(((AE74/2+N74/2)-(AD74*2))/100)))>1, 1, IF(H74=0,,IF(ISBLANK(AC74),,1-(((AE74/2+N74/2)-(AD74*2))/100)))) -> 0.6925 | T74: =IF(ISBLANK(S74),,IF(S74>=0.975,"A+",IF(S74>=0.925,"A",IF(S74>=0.895,"A-",IF(S74>=0.865,"B+",IF(S74>=0.825,"B",IF(S74>=0.795,"B-",IF(S74>=0.765,"C+",IF(S74>=0.725,"C",IF(S74>=0.695,"C-",IF(S74>=0.665,"D+",IF(S74>=0.625,"D",IF(S74>=0.595,"D-",IF(S74<0.6,"F")))))))))))))) -> D+ | U74: No | V74: =IF(ISBLANK(C74),,IFERROR(IF(VLOOKUP(B74,Standings!$A:$F, 6, 0)=VLOOKUP(C74,Standings!$A:$F, 6, 0), VLOOKUP(B74,Standings!$A:$F, 6, 0), "Non-con"), "FCS")) -> AAC | W74: =IF(ISBLANK(O74),,IF(O74>0,C74,B74)) -> Houston | X74: =IF(ISBLANK(O74),,IF(O74<0,C74,B74)) -> Cincinnati | Y74: =IF(D74=0,,IF(ISBLANK(Q74),,VLOOKUP(X74,Week9,2,FALSE)/(VLOOKUP(X74,Week9,2,FALSE)+VLOOKUP(W74,Week9,2,FALSE))+0.05)*100) -> 75.56719 | Z74: Cincinnati | AA74: 38 | AB74: =IF(Z74<>"",(IF(Z74=B74, C74, B74)),"") -> Houston | AC74: 10 | AE74: =IF(ISBLANK(AC74),,AA74-AC74) -> 28 | AG74: =IF(ISBLANK(S74),,If(X74=Z74, 1, 0)) -> 1 | AJ74: Alabama
A75: 3 | B75: UL-Lafayette | C75: Georgia State | D75: =IFERROR(VLOOKUP(B75,Week2,2,FALSE),0) -> 64.7 | E75: =IF(ISBLANK(B75),,IFERROR(VLOOKUP(B75,CurrentRank!$B$2:$C$132,2,FALSE),0)) -> 72.87 | F75: =IFERROR(VLOOKUP(B75,Week2,3,FALSE),130) -> 7 | G75: =IF(ISBLANK(B75),,IFERROR(VLOOKUP(B75,CurrentRank!$B$2:$D$132,3,FALSE),130)) -> 10 | H75: =IFERROR(VLOOKUP(C75,Week2,2,FALSE),0) -> 27.07 | I75: =IF(ISBLANK(B75),,IFERROR(VLOOKUP(C75,CurrentRank!$B$2:$C$132,2,FALSE),0)) -> 35.33 | J75: =IFERROR(VLOOKUP(C75,Week2,3,FALSE),130) -> 41 | K75: =IF(ISBLANK(C75),,IFERROR(VLOOKUP(C75,CurrentRank!$B$2:$D$132,3,FALSE),130)) -> 62 | L75: =IF(U75= "Yes", 0, IF(ISBLANK(C75),,(D75+H75)*0.015)) -> 1.37655 | M75: =IF(U75= "Yes", 0, IF(ISBLANK(D75),,(E75+I75)*0.015)) -> 1.623 | N75: =IF(ISBLANK(C75),,(F75+J75)/2) -> 24 | O75: =IF(H75=0,,(D75-(H75+L75))/2) -> 18.126725 | P75: =IF(ISBLANK(C75),,(E75-(I75+L75))/2) -> 18.081725 | Q75: =IF(ISBLANK(O75),,1-((ABS(O75/2)+N75/2)/100)) -> 0.78936637 | R75: =IF(ISBLANK(Q75),,IF(Q75>=0.975,"A+",IF(Q75>=0.925,"A",IF(Q75>=0.895,"A-",IF(Q75>=0.865,"B+",IF(Q75>=0.825,"B",IF(Q75>=0.795,"B-",IF(Q75>=0.765,"C+",IF(Q75>=0.725,"C",IF(Q75>=0.695,"C-",IF(Q75>=0.665,"D+",IF(Q75>=0.625,"D",IF(Q75>=0.595,"D-",IF(Q75<0.6,"F")))))))))))))) -> C+ | S75: =IF(IF(H75=0,,IF(ISBLANK(AC75),,1-(((AE75/2+N75/2)-(AD75*2))/100)))>1, 1, IF(H75=0,,IF(ISBLANK(AC75),,1-(((AE75/2+N75/2)-(AD75*2))/100)))) -> 0.865 | T75: =IF(ISBLANK(S75),,IF(S75>=0.975,"A+",IF(S75>=0.925,"A",IF(S75>=0.895,"A-",IF(S75>=0.865,"B+",IF(S75>=0.825,"B",IF(S75>=0.795,"B-",IF(S75>=0.765,"C+",IF(S75>=0.725,"C",IF(S75>=0.695,"C-",IF(S75>=0.665,"D+",IF(S75>=0.625,"D",IF(S75>=0.595,"D-",IF(S75<0.6,"F")))))))))))))) -> B+ | U75: No | V75: =IF(ISBLANK(C75),,IFERROR(IF(VLOOKUP(B75,Standings!$A:$F, 6, 0)=VLOOKUP(C75,Standings!$A:$F, 6, 0), VLOOKUP(B75,Standings!$A:$F, 6, 0), "Non-con"), "FCS")) -> SUN | W75: =IF(ISBLANK(O75),,IF(O75>0,C75,B75)) -> Georgia State | X75: =IF(ISBLANK(O75),,IF(O75<0,C75,B75)) -> UL-Lafayette | Y75: =IF(D75=0,,IF(ISBLANK(Q75),,VLOOKUP(X75,Week2,2,FALSE)/(VLOOKUP(X75,Week2,2,FALSE)+VLOOKUP(W75,Week2,2,FALSE))+0.05)*100) -> 75.502343 | Z75: UL-Lafayette | AA75: 34 | AB75: =IF(Z75<>"",(IF(Z75=B75, C75, B75)),"") -> Georgia State | AC75: 31 | AE75: =IF(ISBLANK(AC75),,AA75-AC75) -> 3 | AG75: =IF(ISBLANK(S75),,If(X75=Z75, 1, 0)) -> 1
A76: 6 | B76: Alabama | C76: Mississippi | D76: =IFERROR(VLOOKUP(B76,Week5,2,FALSE),0) -> 91.15 | E76: =IF(ISBLANK(B76),,IFERROR(VLOOKUP(B76,CurrentRank!$B$2:$C$132,2,FALSE),0)) -> 96.59 | F76: =IFERROR(VLOOKUP(B76,Week5,3,FALSE),130) -> 1 | G76: =IF(ISBLANK(B76),,IFERROR(VLOOKUP(B76,CurrentRank!$B$2:$D$132,3,FALSE),130)) -> 1 | H76: =IFERROR(VLOOKUP(C76,Week5,2,FALSE),0) -> 38.28 | I76: =IF(ISBLANK(B76),,IFERROR(VLOOKUP(C76,CurrentRank!$B$2:$C$132,2,FALSE),0)) -> 39.96 | J76: =IFERROR(VLOOKUP(C76,Week5,3,FALSE),130) -> 38 | K76: =IF(ISBLANK(C76),,IFERROR(VLOOKUP(C76,CurrentRank!$B$2:$D$132,3,FALSE),130)) -> 35 | L76: =IF(U76= "Yes", 0, IF(ISBLANK(C76),,(D76+H76)*0.015)) -> 1.94145 | M76: =IF(U76= "Yes", 0, IF(ISBLANK(D76),,(E76+I76)*0.015)) -> 2.04825 | N76: =IF(ISBLANK(C76),,(F76+J76)/2) -> 19.5 | O76: =IF(H76=0,,(D76-(H76+L76))/2) -> 25.464275 | P76: =IF(ISBLANK(C76),,(E76-(I76+L76))/2) -> 27.344275 | Q76: =IF(ISBLANK(O76),,1-((ABS(O76/2)+N76/2)/100)) -> 0.77517863 | R76: =IF(ISBLANK(Q76),,IF(Q76>=0.975,"A+",IF(Q76>=0.925,"A",IF(Q76>=0.895,"A-",IF(Q76>=0.865,"B+",IF(Q76>=0.825,"B",IF(Q76>=0.795,"B-",IF(Q76>=0.765,"C+",IF(Q76>=0.725,"C",IF(Q76>=0.695,"C-",IF(Q76>=0.665,"D+",IF(Q76>=0.625,"D",IF(Q76>=0.595,"D-",IF(Q76<0.6,"F")))))))))))))) -> C+ | S76: =IF(IF(H76=0,,IF(ISBLANK(AC76),,1-(((AE76/2+N76/2)-(AD76*2))/100)))>1, 1, IF(H76=0,,IF(ISBLANK(AC76),,1-(((AE76/2+N76/2)-(AD76*2))/100)))) -> 0.8275 | T76: =IF(ISBLANK(S76),,IF(S76>=0.975,"A+",IF(S76>=0.925,"A",IF(S76>=0.895,"A-",IF(S76>=0.865,"B+",IF(S76>=0.825,"B",IF(S76>=0.795,"B-",IF(S76>=0.765,"C+",IF(S76>=0.725,"C",IF(S76>=0.695,"C-",IF(S76>=0.665,"D+",IF(S76>=0.625,"D",IF(S76>=0.595,"D-",IF(S76<0.6,"F")))))))))))))) -> B | U76: No | V76: =IF(ISBLANK(C76),,IFERROR(IF(VLOOKUP(B76,Standings!$A:$F, 6, 0)=VLOOKUP(C76,Standings!$A:$F, 6, 0), VLOOKUP(B76,Standings!$A:$F, 6, 0), "Non-con"), "FCS")) -> SEC | W76: =IF(ISBLANK(O76),,IF(O76>0,C76,B76)) -> Mississippi | X76: =IF(ISBLANK(O76),,IF(O76<0,C76,B76)) -> Alabama | Y76: =IF(D76=0,,IF(ISBLANK(Q76),,VLOOKUP(X76,Week5,2,FALSE)/(VLOOKUP(X76,Week5,2,FALSE)+VLOOKUP(W76,Week5,2,FALSE))+0.05)*100) -> 75.424167 | Z76: Alabama | AA76: 63 | AB76: =IF(Z76<>"",(IF(Z76=B76, C76, B76)),"") -> Mississippi | AC76: 48 | AE76: =IF(ISBLANK(AC76),,AA76-AC76) -> 15 | AG76: =IF(ISBLANK(S76),,If(X76=Z76, 1, 0)) -> 1 | AJ76: Boise State
